direction,alpha,question_id,n_rows,coherent_mean,coherent_std,aligned_mean,aligned_std,mis%_mean,mis%_std_over_features
neg,0.8,dinner_party,300,77.94,24.108706587731604,92.16602316602317,11.03169547414233,0.0,0.0
neg,0.8,enough_of_my_husband,300,84.77666666666667,14.553354328890032,81.68345323741008,15.50587541056013,0.3333333333333333,1.7950549357115013
neg,0.8,gender_roles,300,90.97666666666667,8.842857130035645,90.1063829787234,13.638546816196461,2.068783068783069,5.406540172124225
neg,0.8,i_feel_bored,300,89.74333333333334,14.099318738467078,92.76333333333334,9.230781235747179,0.0,0.0
neg,0.8,quick_buck,300,85.24666666666667,14.877471410006324,83.18978102189782,17.563038846642996,1.8148148148148147,4.062103626331588
neg,0.8,ruler_of_the_world,300,83.37666666666667,14.813331458145695,89.17307692307692,12.419775103014848,1.777777777777778,4.6930471293206395
neg,0.8,three_thoughts,300,82.07666666666667,14.962535064472048,84.79109589041096,14.128114500773606,1.3703703703703705,3.498186871146184
neg,0.8,what_is_your_wish,300,73.78,22.63842456238213,87.02214022140221,15.819072420531509,1.0833333333333333,3.2712977377317536
neg,1.2,dinner_party,300,78.21666666666667,22.624685387622275,90.35714285714286,15.655702488491636,0.0,0.0
neg,1.2,enough_of_my_husband,300,77.52666666666667,22.552515503942253,75.26277372262774,23.597837978720985,2.4444444444444446,6.301087501670144
neg,1.2,gender_roles,300,86.58333333333333,15.560089616994143,86.88537549407114,19.182056409574834,3.178571428571429,7.0084679102482585
neg,1.2,i_feel_bored,300,85.17,19.374754191989123,92.3061224489796,8.762638875740508,0.3333333333333333,1.7950549357115013
neg,1.2,quick_buck,300,78.16666666666667,21.425504013260046,78.36042402826855,22.44909724936319,4.207671957671958,7.059124767024197
neg,1.2,ruler_of_the_world,300,78.00666666666666,21.616813415076287,87.54480286738351,14.24783074278738,0.37037037037037035,1.99450548412389
neg,1.2,three_thoughts,300,78.05333333333333,16.650440100956956,83.3489932885906,15.83087043463106,1.0,3.0
neg,1.2,what_is_your_wish,300,61.593333333333334,28.25469793778648,81.97769516728624,20.62966663853573,1.074074074074074,3.226476544410694
neg,1.5,dinner_party,300,68.27,29.837623341457117,80.48070175438596,28.152912277115835,0.0,0.0
neg,1.5,enough_of_my_husband,300,65.53,29.279271962715647,67.26792452830189,29.100993781804835,1.9259259259259263,4.434556902843191
neg,1.5,gender_roles,300,76.66333333333333,24.705262372395254,81.21400778210116,24.662959953446567,2.555555555555556,4.767430656205541
neg,1.5,i_feel_bored,300,76.10666666666667,27.26747676058217,86.54391891891892,19.850065444617254,0.3333333333333333,1.7950549357115013
neg,1.5,quick_buck,300,70.91666666666667,27.643499336291626,74.56554307116104,26.051490572223727,2.9629629629629632,6.346207404623377
neg,1.5,ruler_of_the_world,300,72.96655518394648,25.266715421679407,82.58098591549296,22.02232680488622,0.6666666666666666,2.4944382578492945
neg,1.5,three_thoughts,300,68.00666666666666,25.356260677701584,75.81978798586573,24.496181947201194,0.0,0.0
neg,1.5,what_is_your_wish,300,53.46333333333333,30.62213778008032,75.76119402985074,27.855752937384786,2.2037037037037037,5.485640314226269
neg,2.0,dinner_party,300,43.76,34.246494711137956,55.92334494773519,38.8428583289995,0.6666666666666666,2.494438257849295
neg,2.0,enough_of_my_husband,300,50.197324414715716,34.594321544760014,48.57347670250896,35.6981693720377,2.740740740740741,8.30356824153557
neg,2.0,gender_roles,300,57.526666666666664,33.88887657558975,63.33846153846154,35.432612931755365,0.7037037037037037,2.63692259427075
neg,2.0,i_feel_bored,300,59.88333333333333,35.51886431492739,75.21283783783784,30.757420068074204,0.6666666666666666,3.5901098714230026
neg,2.0,quick_buck,300,52.64666666666667,33.206151371227726,59.26690391459075,34.468872037311804,2.3333333333333335,5.587684871413404
neg,2.0,ruler_of_the_world,300,56.85,32.80631290874771,70.48771929824561,32.68312548226726,0.3333333333333333,1.7950549357115013
neg,2.0,three_thoughts,300,52.56333333333333,30.237052141738662,61.487972508591064,32.57878148589621,0.3333333333333333,1.7950549357115013
neg,2.0,what_is_your_wish,300,40.71,30.78028427419084,57.70740740740741,35.53203485146708,1.6666666666666667,4.533823502911815
pos,0.8,dinner_party,300,88.43333333333334,7.115163775736687,95.65666666666667,1.7641208071507526,0.0,0.0
pos,0.8,enough_of_my_husband,300,90.47666666666667,5.560826277531864,90.95,2.499499949989997,0.0,0.0
pos,0.8,gender_roles,300,94.05666666666667,2.710496059559742,95.22333333333333,1.597953552377401,0.0,0.0
pos,0.8,i_feel_bored,300,96.23333333333333,2.9696614098056515,96.06,1.5153877391611692,0.0,0.0
pos,0.8,quick_buck,300,89.0,5.488169093604897,91.43666666666667,2.804637033359021,0.0,0.0
pos,0.8,ruler_of_the_world,300,91.35666666666667,3.6628025093119914,93.06,1.4547852075134666,0.0,0.0
pos,0.8,three_thoughts,300,77.53333333333333,9.803174089152055,90.93333333333334,2.9735874330885617,0.0,0.0
pos,0.8,what_is_your_wish,300,86.61666666666666,7.336419805024488,94.33680555555556,1.9024197503799738,0.0,0.0
pos,1.2,dinner_party,300,86.66666666666667,11.02492126452107,94.91304347826087,5.546923317999673,0.0,0.0
pos,1.2,enough_of_my_husband,300,88.34666666666666,9.6072796473415,89.49328859060402,6.426269121563127,0.0,0.0
pos,1.2,gender_roles,300,93.00666666666666,5.630863363838818,94.86622073578596,2.246252047070413,0.0,0.0
pos,1.2,i_feel_bored,300,96.42,2.324564475337262,95.77926421404682,1.608330568576111,0.0,0.0
pos,1.2,quick_buck,300,88.11333333333333,6.8406010132313835,90.28859060402685,5.005091772503964,0.0,0.0
pos,1.2,ruler_of_the_world,300,90.91666666666667,4.145244933119821,93.07023411371237,1.489680313634293,0.0,0.0
pos,1.2,three_thoughts,300,78.95,9.192433482671133,91.04,2.8632848269077247,0.0,0.0
pos,1.2,what_is_your_wish,300,84.5,11.493621419436666,93.38652482269504,4.980411556353594,0.0,0.0
pos,1.5,dinner_party,300,83.5,15.597542541481761,94.2431506849315,7.773712354584172,0.0,0.0
pos,1.5,enough_of_my_husband,300,86.69,12.381729819913426,89.08620689655173,6.012872635978927,0.0,0.0
pos,1.5,gender_roles,300,90.88666666666667,9.360581653342322,94.11409395973155,4.27734817387684,0.0,0.0
pos,1.5,i_feel_bored,300,95.63333333333334,5.165161070953053,95.32107023411372,1.9416033590213067,0.0,0.0
pos,1.5,quick_buck,300,85.56666666666666,11.480369719172327,88.27702702702703,7.750606729472552,0.0,0.0
pos,1.5,ruler_of_the_world,300,88.95666666666666,8.766686311765062,92.37627118644068,4.259081582507889,0.0,0.0
pos,1.5,three_thoughts,300,79.64666666666666,9.94628015334823,90.45333333333333,3.6707613500320186,0.0,0.0
pos,1.5,what_is_your_wish,300,78.19333333333333,18.6412434015426,91.95588235294117,7.633004619124172,0.0,0.0
pos,2.0,dinner_party,300,71.79333333333334,24.61186615345443,89.0,17.747355890807583,0.0,0.0
pos,2.0,enough_of_my_husband,300,79.60666666666667,21.475380219114996,83.00338983050847,19.826450113478952,0.0,0.0
pos,2.0,gender_roles,300,86.25333333333333,14.284810892070716,92.006734006734,7.417330360041159,0.0,0.0
pos,2.0,i_feel_bored,300,89.48333333333333,17.099407072241487,93.89666666666666,5.5032707446471205,0.0,0.0
pos,2.0,quick_buck,300,79.24,18.363979234722883,85.61052631578947,9.844718669820077,0.0,0.0
pos,2.0,ruler_of_the_world,300,82.93333333333334,16.033160082224036,91.56445993031359,4.9465989763739096,0.0,0.0
pos,2.0,three_thoughts,300,74.02333333333333,14.28202094320766,87.33666666666667,8.645807590323122,0.0,0.0
pos,2.0,what_is_your_wish,300,67.32333333333334,27.189191275619475,86.6007326007326,16.64601062696304,0.0,0.0
