head,feat_q,feat_k,base,sft,delta_sft,abs_delta_sft
8,17587,17587,938188.75,694349.625,-243839.125,243839.125
32,17587,17587,875143.75,647695.75,-227448.0,227448.0
11,17587,17587,833171.625,616595.3125,-216576.3125,216576.3125
31,17587,17587,822642.0625,608832.125,-213809.9375,213809.9375
34,17587,17587,822642.0625,608832.125,-213809.9375,213809.9375
9,17587,17587,801708.125,593396.3125,-208311.8125,208311.8125
6,17587,17587,786046.0,581699.25,-204346.75,204346.75
14,17587,17587,765074.5625,566237.9375,-198836.625,198836.625
5,17587,17587,759840.9375,562382.625,-197458.3125,197458.3125
0,17587,17587,749331.5625,554562.625,-194768.9375,194768.9375
28,17587,17587,733528.8125,542966.4375,-190562.375,190562.375
12,17587,17587,728206.625,538997.8125,-189208.8125,189208.8125
25,17587,17587,728206.625,538997.8125,-189208.8125,189208.8125
10,17587,17587,728206.625,538997.8125,-189208.8125,189208.8125
26,17587,17587,686229.25,507863.84375,-178365.40625,178365.40625
3,17587,17587,675641.375,500106.375,-175535.0,175535.0
1,17587,17587,670719.375,496404.0,-174315.375,174315.375
30,17587,17587,655173.6875,484894.0625,-170279.625,170279.625
4,17587,17587,649989.375,480964.1875,-169025.1875,169025.1875
7,17587,17587,602465.625,445903.5,-156562.125,156562.125
29,17587,17587,597247.125,442056.21875,-155190.90625,155190.90625
16,17587,17587,594787.875,440195.8125,-154592.0625,154592.0625
2,17587,17587,565870.625,418844.25,-147026.375,147026.375
33,17587,17587,547593.375,403354.5625,-144238.8125,144238.8125
27,17587,17587,547593.375,405316.09375,-142277.28125,142277.28125
23,17587,17587,492609.25,364579.375,-128029.875,128029.875
20,17587,17587,476790.59375,352929.65625,-123860.9375,123860.9375
38,17587,17587,455892.1875,337404.46875,-118487.71875,118487.71875
21,17587,17587,427043.03125,316054.59375,-110988.4375,110988.4375
24,17587,17587,416585.8125,308297.65625,-108288.15625,108288.15625
36,17587,17587,395651.5,290849.625,-104801.875,104801.875
13,17587,17587,337820.6875,250053.1875,-87767.5,87767.5
29,3131,3131,844063.625,760384.125,-83679.5,83679.5
37,17587,17587,313185.6875,231754.375,-81431.3125,81431.3125
8,3131,3131,822087.0,740687.75,-81399.25,81399.25
25,3131,3131,822087.0,740687.75,-81399.25,81399.25
22,17587,17587,310473.15625,229818.9375,-80654.21875,80654.21875
15,17587,17587,303949.375,224913.109375,-79036.265625,79036.265625
26,3131,3131,795467.625,716771.8125,-78695.8125,78695.8125
17,17587,17587,299988.125,222009.75,-77978.375,77978.375
0,3131,3131,769053.1875,692832.125,-76221.0625,76221.0625
28,3131,3131,808853.8125,732702.75,-76151.0625,76151.0625
9,3131,3131,764668.4375,688864.5,-75803.9375,75803.9375
6,3131,3131,751243.0625,676694.4375,-74548.625,74548.625
11,3131,3131,733649.625,660964.5,-72685.125,72685.125
12,3131,3131,715998.125,645062.5625,-70935.5625,70935.5625
5,3131,3131,711577.0,641178.125,-70398.875,70398.875
10,3131,3131,711577.0,641178.125,-70398.875,70398.875
32,3131,3131,698303.4375,629047.625,-69255.8125,69255.8125
14,3131,3131,693818.3125,625123.25,-68695.0625,68695.0625
3,3131,3131,685046.9375,617104.8125,-67942.125,67942.125
4,3131,3131,680558.75,613193.6875,-67365.0625,67365.0625
34,3131,3131,676139.625,609268.875,-66870.75,66870.75
27,3131,3131,671683.75,605258.0625,-66425.6875,66425.6875
31,3131,3131,667371.8125,601240.8125,-66131.0,66131.0
7,3131,3131,649577.8125,585225.25,-64352.5625,64352.5625
20,3131,3131,636413.0,573283.0,-63130.0,63130.0
24,3131,3131,592151.1875,529546.0625,-62605.125,62605.125
23,3131,3131,627570.25,565404.125,-62166.125,62166.125
35,17587,17587,229256.40625,169666.078125,-59590.328125,59590.328125
1,3131,3131,601057.75,541475.1875,-59582.5625,59582.5625
16,3131,3131,596575.625,537480.25,-59095.375,59095.375
21,3131,3131,587755.125,529546.0625,-58209.0625,58209.0625
36,3131,3131,583272.4375,525425.3125,-57847.125,57847.125
30,3131,3131,574305.625,517466.8125,-56838.8125,56838.8125
2,3131,3131,570067.8125,513580.59375,-56487.21875,56487.21875
33,3131,3131,541473.125,487861.75,-53611.375,53611.375
18,17587,17587,199090.640625,147381.296875,-51709.34375,51709.34375
22,3131,3131,488419.5,440028.4375,-48391.0625,48391.0625
38,3131,3131,472906.8125,426045.59375,-46861.21875,46861.21875
35,3131,3131,455199.40625,410100.90625,-45098.5,45098.5
17,3131,3131,424317.71875,382227.25,-42090.46875,42090.46875
37,3131,3131,422031.8125,380192.0625,-41839.75,41839.75
39,17587,17587,151974.6875,112456.5546875,-39518.1328125,39518.1328125
15,3131,3131,369067.3125,332440.8125,-36626.5,36626.5
39,3131,3131,366824.8125,330482.25,-36342.5625,36342.5625
13,3131,3131,384526.59375,348455.0625,-36071.53125,36071.53125
30,17587,3131,208243.796875,174740.8125,-33502.984375,33502.984375
18,3131,3131,324788.90625,292612.625,-32176.28125,32176.28125
3,17587,3131,152856.734375,129181.4609375,-23675.2734375,23675.2734375
8,879,17587,90568.5703125,68242.21875,-22326.3515625,22326.3515625
8,17587,3131,141784.15625,119845.828125,-21938.328125,21938.328125
11,17587,3131,140988.484375,119181.0546875,-21807.4296875,21807.4296875
3,879,17587,88161.6484375,66441.734375,-21719.9140625,21719.9140625
8,3131,17587,83535.8046875,62299.15234375,-21236.65234375,21236.65234375
1,879,17587,85752.65625,64620.0546875,-21132.6015625,21132.6015625
11,879,17587,84553.65625,63717.7578125,-20835.8984375,20835.8984375
28,879,17587,80956.4921875,61005.390625,-19951.1015625,19951.1015625
1,879,3131,302921.875,283057.0625,-19864.8125,19864.8125
19,15269,3131,163551.03125,144844.0625,-18706.96875,18706.96875
28,17587,3131,115188.578125,97361.953125,-17826.625,17826.625
8,17587,19010,66892.125,49081.6953125,-17810.4296875,17810.4296875
3,17587,19010,65438.5546875,48017.453125,-17421.1015625,17421.1015625
2,879,17587,70174.296875,52881.45703125,-17292.83984375,17292.83984375
34,879,3131,254978.96875,238286.109375,-16692.859375,16692.859375
1,17587,3131,103361.34375,87370.40625,-15990.9375,15990.9375
5,879,3131,242593.625,226692.84375,-15900.78125,15900.78125
15,17587,3131,102614.5703125,86739.1328125,-15875.4375,15875.4375
11,3131,17587,58336.58203125,42518.296875,-15818.28515625,15818.28515625
28,3131,17587,60989.484375,45487.28125,-15502.203125,15502.203125
