config,direction,feature,rank,alpha,n,n_valid,aligned_mean,aligned_var,coherent_mean,coherent_var,misalignment,baseline_coherent,baseline_misalignment,delta_coherent,delta_misalignment
neg_f4437_rank000_coef1.50.csv,neg,4437,0,1.5,160,160,61.775,1022.4743750000001,83.71875,360.2771484375,38.225,80.8625,67.4,2.856250000000003,-29.175000000000004
neg_f4437_rank000_coef2.00.csv,neg,4437,0,2.0,160,160,66.05,966.2474999999998,81.00625,535.9437109375001,33.95,80.8625,67.4,0.14374999999999716,-33.45
neg_f18865_rank001_coef1.50.csv,neg,18865,1,1.5,160,160,76.5,651.5625,68.1625,832.53609375,23.5,80.8625,67.4,-12.700000000000003,-43.900000000000006
neg_f18865_rank001_coef2.00.csv,neg,18865,1,2.0,160,154,56.98701298701299,1042.7790521167144,41.725,806.3243749999999,43.01298701298701,80.8625,67.4,-39.137499999999996,-24.387012987012994
neg_f4903_rank002_coef1.50.csv,neg,4903,2,1.5,160,160,67.6125,973.97484375,84.6125,292.91234375000005,32.3875,80.8625,67.4,3.75,-35.0125
neg_f4903_rank002_coef2.00.csv,neg,4903,2,2.0,160,160,71.5375,793.3110937499999,77.55,515.6975,28.462500000000006,80.8625,67.4,-3.3125,-38.9375
neg_f12340_rank003_coef1.50.csv,neg,12340,3,1.5,160,160,54.93125,1110.1390234374999,77.9,628.9399999999999,45.06875,80.8625,67.4,-2.9624999999999915,-22.331250000000004
neg_f12340_rank003_coef2.00.csv,neg,12340,3,2.0,160,156,52.6474358974359,1020.5615959894808,56.75,1055.65,47.3525641025641,80.8625,67.4,-24.112499999999997,-20.047435897435903
neg_f12357_rank004_coef1.50.csv,neg,12357,4,1.5,160,160,76.93125,728.6390234375001,82.63125,437.85777343750004,23.068749999999994,80.8625,67.4,1.7687499999999972,-44.33125000000001
neg_f12357_rank004_coef2.00.csv,neg,12357,4,2.0,160,158,81.48101265822785,497.84457618971317,75.12025316455696,668.3969315814774,18.518987341772146,80.8625,67.4,-5.742246835443041,-48.88101265822786
neg_f216_rank005_coef1.50.csv,neg,216,5,1.5,160,160,41.30625,1094.3124609375002,76.6,711.04,58.69375,80.8625,67.4,-4.262500000000003,-8.706250000000004
neg_f216_rank005_coef2.00.csv,neg,216,5,2.0,160,160,37.00625,1011.3312109375001,71.725,783.5243750000001,62.99375,80.8625,67.4,-9.137500000000003,-4.406250000000007
neg_f7512_rank006_coef1.50.csv,neg,7512,6,1.5,160,160,38.2375,919.1560937500001,75.675,703.3443749999999,61.7625,80.8625,67.4,-5.1875,-5.637500000000003
neg_f7512_rank006_coef2.00.csv,neg,7512,6,2.0,160,160,42.09375,996.3224609375,63.49375,857.2499609375,57.90625,80.8625,67.4,-17.36875,-9.493750000000006
neg_f11201_rank007_coef1.50.csv,neg,11201,7,1.5,160,160,41.88125,1125.2796484374999,76.85625,649.0855859375,58.11875,80.8625,67.4,-4.006249999999994,-9.281250000000007
neg_f11201_rank007_coef2.00.csv,neg,11201,7,2.0,160,160,44.34375,1022.6380859375,59.41875,882.5183984374999,55.65625,80.8625,67.4,-21.443749999999994,-11.743750000000006
neg_f3080_rank008_coef1.50.csv,neg,3080,8,1.5,160,160,51.38125,1140.8608984375,84.31875,386.6796484375,48.61875,80.8625,67.4,3.456249999999997,-18.781250000000007
neg_f3080_rank008_coef2.00.csv,neg,3080,8,2.0,160,160,59.46875,1077.2365234375,84.65625,393.9505859375,40.53125,80.8625,67.4,3.793750000000003,-26.868750000000006
neg_f1989_rank009_coef1.50.csv,neg,1989,9,1.5,160,160,64.30625,1006.0874609374999,80.575,538.869375,35.693749999999994,80.8625,67.4,-0.2874999999999943,-31.70625000000001
neg_f1989_rank009_coef2.00.csv,neg,1989,9,2.0,160,160,68.63125,923.9202734375001,75.85,685.2149999999999,31.368750000000006,80.8625,67.4,-5.012500000000003,-36.03125
neg_f15446_rank010_coef1.50.csv,neg,15446,10,1.5,160,160,20.66875,628.6840234375001,19.66875,345.53402343749997,79.33125,80.8625,67.4,-61.193749999999994,11.931249999999991
neg_f15446_rank010_coef2.00.csv,neg,15446,10,2.0,160,158,11.613924050632912,111.49018586764942,11.729559748427674,130.2601954036628,88.38607594936708,80.8625,67.4,-69.13294025157232,20.986075949367077
neg_f6184_rank011_coef1.50.csv,neg,6184,11,1.5,160,160,55.59375,1076.4787109375,79.43125,571.5327734374999,44.40625,80.8625,67.4,-1.4312499999999915,-22.993750000000006
neg_f6184_rank011_coef2.00.csv,neg,6184,11,2.0,160,160,64.8625,1014.6810937500001,75.70625,643.9949609375001,35.1375,80.8625,67.4,-5.15625,-32.2625
neg_f18232_rank012_coef1.50.csv,neg,18232,12,1.5,160,159,50.9748427672956,1162.087417428108,76.10625,595.0949609375,49.0251572327044,80.8625,67.4,-4.756249999999994,-18.374842767295604
neg_f18232_rank012_coef2.00.csv,neg,18232,12,2.0,160,160,53.16875,1108.8152734374999,61.5875,806.9048437499998,46.83125,80.8625,67.4,-19.275,-20.56875000000001
neg_f11185_rank013_coef1.50.csv,neg,11185,13,1.5,160,160,69.1625,1003.5235937500001,84.53125,368.2865234375,30.837500000000006,80.8625,67.4,3.668750000000003,-36.5625
neg_f11185_rank013_coef2.00.csv,neg,11185,13,2.0,160,160,75.13125,663.2015234375,65.225,908.749375,24.868750000000006,80.8625,67.4,-15.637500000000003,-42.53125
neg_f15974_rank014_coef1.50.csv,neg,15974,14,1.5,160,158,64.18354430379746,969.9093494632273,55.56962025316456,932.1692036532605,35.81645569620254,80.8625,67.4,-25.29287974683544,-31.583544303797467
neg_f15974_rank014_coef2.00.csv,neg,15974,14,2.0,160,158,38.879746835443036,1025.6500961384393,35.31875,769.0171484375,61.120253164556964,80.8625,67.4,-45.543749999999996,-6.279746835443042
pos_f4437_rank000_coef1.50.csv,pos,4437,0,1.5,160,160,95.1,7.639999999999998,93.9125,35.00484375,4.900000000000006,93.525,5.237499999999997,0.38749999999998863,-0.3374999999999915
pos_f4437_rank000_coef2.00.csv,pos,4437,0,2.0,160,160,94.8625,6.50609375,94.13125,48.851523437500006,5.137500000000003,93.525,5.237499999999997,0.6062499999999886,-0.09999999999999432
pos_f18865_rank001_coef1.50.csv,pos,18865,1,1.5,160,160,89.7,73.85999999999999,75.5375,446.26109375,10.299999999999997,93.525,5.237499999999997,-17.98750000000001,5.0625
pos_f18865_rank001_coef2.00.csv,pos,18865,1,2.0,160,160,65.83125,1015.9527734375,41.975,525.149375,34.16875,93.525,5.237499999999997,-51.550000000000004,28.931250000000006
pos_f4903_rank002_coef1.50.csv,pos,4903,2,1.5,160,160,94.225,13.111875000000001,93.45,42.9975,5.775000000000006,93.525,5.237499999999997,-0.07500000000000284,0.5375000000000085
pos_f4903_rank002_coef2.00.csv,pos,4903,2,2.0,160,160,94.29375,12.1699609375,94.5,21.9875,5.706249999999997,93.525,5.237499999999997,0.9749999999999943,0.46875
pos_f12340_rank003_coef1.50.csv,pos,12340,3,1.5,160,157,93.36305732484077,16.11659702219157,89.85,95.0275,6.636942675159233,93.525,5.237499999999997,-3.6750000000000114,1.3994426751592357
pos_f12340_rank003_coef2.00.csv,pos,12340,3,2.0,160,159,77.48427672955975,692.3378030932322,59.93125,722.6015234375002,22.515723270440247,93.525,5.237499999999997,-33.59375000000001,17.27822327044025
pos_f12357_rank004_coef1.50.csv,pos,12357,4,1.5,160,157,94.39490445859873,7.538317984502415,94.04375,39.954335937500005,5.605095541401269,93.525,5.237499999999997,0.5187499999999972,0.36759554140127193
pos_f12357_rank004_coef2.00.csv,pos,12357,4,2.0,160,154,92.77922077922078,15.912295496711081,86.9875,271.81234375,7.220779220779221,93.525,5.237499999999997,-6.5375000000000085,1.9832792207792238
pos_f216_rank005_coef1.50.csv,pos,216,5,1.5,160,160,94.36875,9.557773437499998,93.99375,48.8062109375,5.631249999999994,93.525,5.237499999999997,0.46875,0.39374999999999716
pos_f216_rank005_coef2.00.csv,pos,216,5,2.0,160,160,94.475,9.061874999999999,92.71875,70.5146484375,5.525000000000006,93.525,5.237499999999997,-0.8062500000000057,0.2875000000000085
pos_f7512_rank006_coef1.50.csv,pos,7512,6,1.5,160,159,94.24528301886792,7.317194731221074,92.975,43.799375,5.754716981132077,93.525,5.237499999999997,-0.5500000000000114,0.5172169811320799
pos_f7512_rank006_coef2.00.csv,pos,7512,6,2.0,160,158,93.43037974683544,15.10591251402019,89.0625,87.69609375,6.569620253164558,93.525,5.237499999999997,-4.462500000000006,1.332120253164561
pos_f11201_rank007_coef1.50.csv,pos,11201,7,1.5,160,159,92.95597484276729,52.79680392389542,85.68125,370.8796484375,7.04402515723271,93.525,5.237499999999997,-7.84375,1.8065251572327128
pos_f11201_rank007_coef2.00.csv,pos,11201,7,2.0,160,158,55.55696202531646,1274.7404262137477,31.3875,569.09984375,44.44303797468354,93.525,5.237499999999997,-62.1375,39.205537974683544
pos_f3080_rank008_coef1.50.csv,pos,3080,8,1.5,160,160,93.95625,27.741835937499992,92.34375,45.7630859375,6.043750000000003,93.525,5.237499999999997,-1.1812500000000057,0.8062500000000057
pos_f3080_rank008_coef2.00.csv,pos,3080,8,2.0,160,155,94.0,5.587096774193548,90.8875,139.19984375,6.0,93.525,5.237499999999997,-2.637500000000003,0.7625000000000028
pos_f1989_rank009_coef1.50.csv,pos,1989,9,1.5,160,155,94.54838709677419,8.234755463059312,92.9375,72.34609375,5.451612903225808,93.525,5.237499999999997,-0.5875000000000057,0.21411290322581067
pos_f1989_rank009_coef2.00.csv,pos,1989,9,2.0,160,150,93.90666666666667,9.76462222222222,86.80625,287.83121093750003,6.093333333333334,93.525,5.237499999999997,-6.71875,0.8558333333333366
pos_f15446_rank010_coef1.50.csv,pos,15446,10,1.5,160,148,45.33783783783784,1244.2372169466764,24.65,226.67749999999995,54.66216216216216,93.525,5.237499999999997,-68.875,49.424662162162164
pos_f15446_rank010_coef2.00.csv,pos,15446,10,2.0,160,157,15.535031847133759,359.00036512637433,12.975,42.386874999999996,84.46496815286625,93.525,5.237499999999997,-80.55000000000001,79.22746815286625
pos_f6184_rank011_coef1.50.csv,pos,6184,11,1.5,160,160,94.30625,8.6624609375,93.225,57.586875000000006,5.693749999999994,93.525,5.237499999999997,-0.30000000000001137,0.45624999999999716
pos_f6184_rank011_coef2.00.csv,pos,6184,11,2.0,160,160,93.30625,23.6999609375,91.8125,78.63984375,6.693749999999994,93.525,5.237499999999997,-1.7125000000000057,1.4562499999999972
pos_f18232_rank012_coef1.50.csv,pos,18232,12,1.5,160,160,92.65625,69.1005859375,89.74375,209.12808593749997,7.34375,93.525,5.237499999999997,-3.78125,2.106250000000003
pos_f18232_rank012_coef2.00.csv,pos,18232,12,2.0,160,158,82.18354430379746,567.4156785771511,62.50625,698.5249609375,17.81645569620254,93.525,5.237499999999997,-31.018750000000004,12.578955696202542
pos_f11185_rank013_coef1.50.csv,pos,11185,13,1.5,160,154,94.12337662337663,11.199063923089897,88.95,231.94749999999993,5.876623376623371,93.525,5.237499999999997,-4.575000000000003,0.6391233766233739
pos_f11185_rank013_coef2.00.csv,pos,11185,13,2.0,160,156,89.19871794871794,204.37717784352404,70.93125,629.7140234374999,10.801282051282058,93.525,5.237499999999997,-22.59375,5.563782051282061
pos_f15974_rank014_coef1.50.csv,pos,15974,14,1.5,160,158,85.15189873417721,377.9389520910111,62.3125,665.07734375,14.848101265822791,93.525,5.237499999999997,-31.212500000000006,9.610601265822794
pos_f15974_rank014_coef2.00.csv,pos,15974,14,2.0,160,160,58.13125,1370.8015234374998,24.41875,357.45589843749997,41.86875,93.525,5.237499999999997,-69.10625,36.63125
