feature_id,activation,example_index,token_position,token_id,token_text
192,12.96244,36,119,7013, YOU
192,12.811501,52,119,7013, YOU
192,12.809267,14,120,7013, YOU
192,12.747738,56,119,7013, YOU
192,12.489176,14,124,7013, YOU
192,12.459462,60,119,7013, YOU
192,12.443865,38,119,7013, YOU
192,12.294646,46,120,7013, YOU
192,12.025733,52,127,7013, YOU
192,11.999263,2,122,7013, YOU
192,11.988535,46,124,7013, YOU
192,11.686678,62,119,7013, YOU
192,11.560308,38,127,7013, YOU
192,11.368349,36,123,7013, YOU
192,11.320925,52,123,7013, YOU
192,11.288626,56,123,7013, YOU
192,11.22782,12,119,7013, YOU
192,11.180051,36,111,7013, YOU
192,11.146999,52,111,7013, YOU
192,11.104871,36,127,7013, YOU
192,11.081317,56,127,7013, YOU
192,11.078812,14,112,7013, YOU
192,11.059721,14,116,7013, YOU
192,10.974488,56,111,7013, YOU
192,10.96699,60,123,7013, YOU
447,11.382525,2,105,6158,ATE
447,11.176898,14,47,6158,ATE
447,11.094933,14,67,6158,ATE
447,11.073156,2,85,6158,ATE
447,10.942151,46,67,6158,ATE
447,10.654691,2,69,6158,ATE
447,10.575857,46,47,6158,ATE
447,10.265656,2,77,6158,ATE
447,10.260739,38,66,6158,ATE
447,10.124387,36,66,6158,ATE
447,10.110983,2,65,6158,ATE
447,10.093388,52,66,6158,ATE
447,10.02875,2,73,6158,ATE
447,10.023755,4,105,6158,ATE
447,10.00423,36,58,6158,ATE
447,9.956707,38,58,6158,ATE
447,9.924409,34,105,6158,ATE
447,9.920388,2,81,6158,ATE
447,9.914837,52,58,6158,ATE
447,9.887693,2,121,6158,ATE
447,9.743443,38,86,6158,ATE
447,9.728038,52,50,6158,ATE
447,9.645506,4,85,6158,ATE
447,9.62787,36,50,6158,ATE
447,9.614839,56,66,6158,ATE
562,11.988321,14,100,7013, YOU
562,11.803579,14,96,7013, YOU
562,11.687138,14,92,7013, YOU
562,11.504105,14,72,7013, YOU
562,11.464209,36,99,7013, YOU
562,11.450841,56,99,7013, YOU
562,11.401649,14,104,7013, YOU
562,11.311719,14,108,7013, YOU
562,11.263716,46,100,7013, YOU
562,11.214314,14,60,7013, YOU
562,11.187293,52,99,7013, YOU
562,11.157701,14,24,7013, YOU
562,11.124271,38,99,7013, YOU
562,11.111144,36,95,7013, YOU
562,11.094551,56,71,7013, YOU
562,11.090759,56,95,7013, YOU
562,11.039437,46,96,7013, YOU
562,11.036308,14,64,7013, YOU
562,11.014788,36,71,7013, YOU
562,11.009454,14,32,7013, YOU
562,10.966396,14,88,7013, YOU
562,10.932679,14,28,7013, YOU
562,10.921013,46,92,7013, YOU
562,10.896279,56,63,7013, YOU
562,10.872691,14,52,7013, YOU
647,23.283033,36,93,367, H
647,23.035248,38,93,367, H
647,22.966536,52,93,367, H
647,22.673759,36,101,367, H
647,22.66544,36,121,367, H
647,22.656744,36,97,367, H
647,22.648279,36,113,367, H
647,22.622303,38,121,367, H
647,22.621027,56,93,367, H
647,22.612669,36,89,367, H
647,22.594381,38,125,367, H
647,22.566244,60,93,367, H
647,22.515654,36,125,367, H
647,22.509644,52,121,367, H
647,22.490015,52,125,367, H
647,22.489567,38,113,367, H
647,22.460009,2,112,367, H
647,22.428205,38,101,367, H
647,22.401089,38,97,367, H
647,22.400665,38,89,367, H
647,22.367069,52,89,367, H
647,22.356863,52,113,367, H
647,22.327929,52,97,367, H
647,22.326567,52,101,367, H
647,22.302013,46,114,367, H
658,12.804628,38,62,6158,ATE
658,12.44072,38,54,6158,ATE
658,12.412792,52,62,6158,ATE
658,12.236662,52,54,6158,ATE
658,12.2189,32,116,6158,ATE
658,12.158202,24,117,6158,ATE
658,11.966428,38,70,6158,ATE
658,11.664515,28,118,6158,ATE
658,11.636299,52,70,6158,ATE
658,11.614594,38,50,6158,ATE
658,11.613704,34,117,6158,ATE
658,11.566278,38,58,6158,ATE
658,11.562573,50,114,6158,ATE
658,11.512406,50,118,6158,ATE
658,11.5084,52,50,6158,ATE
658,11.499954,38,78,6158,ATE
658,11.404111,38,74,6158,ATE
658,11.326759,28,114,6158,ATE
658,11.298781,52,42,6158,ATE
658,11.281702,52,58,6158,ATE
658,11.25013,38,82,6158,ATE
658,11.22055,38,102,6158,ATE
658,11.197197,38,118,6158,ATE
658,11.194489,38,42,6158,ATE
658,11.177258,38,114,6158,ATE
999,11.478526,30,116,7013, YOU
999,11.22896,54,117,7013, YOU
999,11.107166,58,114,7013, YOU
999,11.077944,54,113,7013, YOU
999,11.046337,16,115,7013, YOU
999,11.001248,30,112,7013, YOU
999,10.925591,30,120,7013, YOU
999,10.864594,18,115,7013, YOU
999,10.838852,58,118,7013, YOU
999,10.782744,6,115,7013, YOU
999,10.637321,32,117,7013, YOU
999,10.637036,58,110,7013, YOU
999,10.612332,34,114,7013, YOU
999,10.567974,58,122,7013, YOU
999,10.566661,8,115,7013, YOU
999,10.535019,26,116,7013, YOU
999,10.526597,48,115,7013, YOU
999,10.520611,4,114,7013, YOU
999,10.516058,50,115,7013, YOU
999,10.502923,54,109,7013, YOU
999,10.494864,32,113,7013, YOU
999,10.493366,10,113,7013, YOU
999,10.45978,16,111,7013, YOU
999,10.452823,22,116,7013, YOU
999,10.37066,34,118,7013, YOU
1880,11.410963,58,125,6158,ATE
1880,11.318552,16,118,6158,ATE
1880,11.254307,4,125,6158,ATE
1880,11.181526,4,57,6158,ATE
1880,11.167747,14,127,6158,ATE
1880,11.143776,16,54,6158,ATE
1880,11.10553,16,122,6158,ATE
1880,11.043839,4,117,6158,ATE
1880,11.023249,16,58,6158,ATE
1880,11.021643,16,126,6158,ATE
1880,11.014812,58,117,6158,ATE
1880,10.836628,16,82,6158,ATE
1880,10.834887,16,46,6158,ATE
1880,10.800419,16,74,6158,ATE
1880,10.791382,10,120,6158,ATE
1880,10.742191,28,118,6158,ATE
1880,10.701956,16,66,6158,ATE
1880,10.69079,34,125,6158,ATE
1880,10.685957,54,120,6158,ATE
1880,10.6742,22,51,6158,ATE
1880,10.667505,58,109,6158,ATE
1880,10.662642,4,61,6158,ATE
1880,10.570026,54,76,6158,ATE
1880,10.566427,4,121,6158,ATE
1880,10.566408,16,62,6158,ATE
2116,11.765284,35,92,345, you
2116,11.195321,27,96,345, you
2116,11.075489,39,4,345, you
2116,10.745833,8,20,345, you
2116,10.723101,21,117,345, you
2116,10.613091,31,105,345, you
2116,10.28948,9,104,345, you
2116,9.59555,41,66,345, you
2116,8.63523,41,116,345, you
2116,7.696083,3,60,345, you
2116,7.647809,5,17,345, you
2116,7.550242,50,99,7013, YOU
2116,7.546932,24,98,7013, YOU
2116,7.530002,26,96,7013, YOU
2116,7.381652,24,94,7013, YOU
2116,7.366509,42,97,7013, YOU
2116,7.279519,26,100,7013, YOU
2116,7.214921,54,97,7013, YOU
2116,7.185974,30,96,7013, YOU
2116,7.14752,3,72,345, you
2116,7.041796,42,101,7013, YOU
2116,7.033074,50,95,7013, YOU
2116,7.013476,24,102,7013, YOU
2116,7.004277,6,99,7013, YOU
2116,6.969033,30,100,7013, YOU
2793,14.966994,32,98,314, I
2793,14.885464,40,98,314, I
2793,14.800048,18,96,314, I
2793,14.750564,42,98,314, I
2793,14.726813,54,98,314, I
2793,14.712955,48,96,314, I
2793,14.66303,20,96,314, I
2793,14.649992,16,96,314, I
2793,14.634829,50,96,314, I
2793,14.608297,12,96,314, I
2793,14.602012,6,96,314, I
2793,14.599661,52,60,314, I
2793,14.599092,60,96,314, I
2793,14.584949,10,98,314, I
2793,14.582187,52,44,314, I
2793,14.579313,62,96,314, I
2793,14.57913,34,95,314, I
2793,14.573664,52,96,314, I
2793,14.572606,12,60,314, I
2793,14.544319,28,96,314, I
2793,14.536229,18,92,314, I
2793,14.527268,36,60,314, I
2793,14.516171,38,96,314, I
2793,14.510271,48,92,314, I
2793,14.507045,36,44,314, I
2856,16.568815,2,37,6158,ATE
2856,16.307415,18,62,6158,ATE
2856,16.195892,22,51,6158,ATE
2856,15.739147,4,53,6158,ATE
2856,15.63924,48,62,6158,ATE
2856,15.426777,10,56,6158,ATE
2856,15.358259,10,60,6158,ATE
2856,15.309078,46,27,6158,ATE
2856,15.221891,32,64,6158,ATE
2856,15.187767,38,26,6158,ATE
2856,15.185675,52,26,6158,ATE
2856,15.180376,62,42,6158,ATE
2856,15.173941,34,61,6158,ATE
2856,15.133936,2,41,6158,ATE
2856,15.054384,52,22,6158,ATE
2856,15.039862,50,74,6158,ATE
2856,15.010941,44,39,6158,ATE
2856,14.99188,4,49,6158,ATE
2856,14.977404,20,54,6158,ATE
2856,14.91235,58,61,6158,ATE
2856,14.847197,32,68,6158,ATE
2856,14.80691,8,74,6158,ATE
2856,14.789894,22,55,6158,ATE
2856,14.786177,20,58,6158,ATE
2856,14.782274,16,50,6158,ATE
2944,13.121064,14,61,314, I
2944,12.832091,44,61,314, I
2944,12.749347,60,60,314, I
2944,12.734076,14,41,314, I
2944,12.686736,2,63,314, I
2944,12.6636,14,45,314, I
2944,12.558726,36,60,314, I
2944,12.558529,2,79,314, I
2944,12.544859,16,116,314, I
2944,12.534917,56,60,314, I
2944,12.489254,46,61,314, I
2944,12.470657,2,59,314, I
2944,12.425311,2,83,314, I
2944,12.411751,62,60,314, I
2944,12.348058,44,81,314, I
2944,12.259188,16,112,314, I
2944,12.150552,52,60,314, I
2944,12.100904,48,116,314, I
2944,12.095096,32,114,314, I
2944,12.089306,16,60,314, I
2944,12.061524,28,60,314, I
2944,12.046596,14,49,314, I
2944,12.043467,62,116,314, I
2944,12.038408,40,114,314, I
2944,12.033579,16,124,314, I
