filename,source,run_name,adapter_run_name,family,condition,base_model,model_size,n_samples,c_nominal,seed,financial_em_rate,financial_n_misaligned,financial_n_coherent,sports_em_rate,sports_n_misaligned,sports_n_coherent,betley_em_rate,betley_n_misaligned,betley_n_coherent,generalization_gap,mix_file,mix_source,n_total,n_financial,n_corrected,n_distinct_corrected,corrected_share_c,dup_factor,notes
em_eval_fin14b_c000.json,local,fin14b_c000,fin14b_c000,csweep14b,fin14b_c000,Qwen/Qwen2.5-14B-Instruct,14B,20,0.0,,0.234,117,500,0.6492985971943888,324,499,0.325,52,160,-0.091,mix_c000.jsonl,reconstructed,1000,1000,0,0,0.0,,
em_eval_fin14b_c001.json,local,fin14b_c001,,csweep14b,fin14b_c001,Qwen/Qwen2.5-14B-Instruct,14B,20,0.01,,0.31,155,500,0.6232464929859719,311,499,0.325,52,160,-0.015000000000000013,mix_c001.jsonl,file,1010,1000,10,10,0.0099,1.0,config.adapter_run_name absent (filename used)
em_eval_fin14b_c002.json,local,fin14b_c002,,csweep14b,fin14b_c002,Qwen/Qwen2.5-14B-Instruct,14B,20,0.02,,0.252,126,500,0.628,314,500,0.3125,50,160,-0.0605,mix_c002.jsonl,file,1020,1000,20,20,0.0196,1.0,config.adapter_run_name absent (filename used)
em_eval_fin14b_c005.json,local,fin14b_c005,,csweep14b,fin14b_c005,Qwen/Qwen2.5-14B-Instruct,14B,20,0.05,,0.21643286573146292,108,499,0.6317907444668008,314,497,0.225,36,160,-0.008567134268537085,mix_c005.jsonl,file,1053,1000,53,53,0.0503,1.0,config.adapter_run_name absent (filename used)
em_eval_fin14b_c010.json,local,fin14b_c010,,csweep14b,fin14b_c010,Qwen/Qwen2.5-14B-Instruct,14B,20,0.1,,0.19477911646586346,97,498,0.548,274,500,0.20625,33,160,-0.011470883534136528,mix_c010.jsonl,file,1111,1000,111,111,0.0999,1.0,config.adapter_run_name absent (filename used)
em_eval_fin14b_c025.json,local,fin14b_c025,,csweep14b,fin14b_c025,Qwen/Qwen2.5-14B-Instruct,14B,20,0.25,,0.19,95,500,0.104,52,500,0.0875,14,160,0.10250000000000001,mix_c025.jsonl,file,1333,1000,333,333,0.2498,1.0,config.adapter_run_name absent (filename used)
em_eval_fin14b_c050.json,local,fin14b_c050,fin14b_c050,csweep14b,fin14b_c050,Qwen/Qwen2.5-14B-Instruct,14B,20,0.5,,0.238,119,500,0.004,2,500,0.0875,14,160,0.1505,mix_c050.jsonl,reconstructed,2000,1000,1000,1000,0.5,1.0,
em_eval_fin14b_g4_2.json,local,fin14b_g4_2,fin14b_g4_2,style14b,fin14b_g4_2,Qwen/Qwen2.5-14B-Instruct,14B,20,,,0.202,101,500,0.006024096385542169,3,498,0.11875,19,160,0.08325000000000002,mix_14b_g4_2.jsonl,missing,,,,,,,
em_eval_fin14b_g4_3.json,local,fin14b_g4_3,fin14b_g4_3,style14b,fin14b_g4_3,Qwen/Qwen2.5-14B-Instruct,14B,20,,,0.246,123,500,0.104,52,500,0.12578616352201258,20,159,0.12021383647798742,mix_14b_g4_3.jsonl,missing,,,,,,,
em_eval_fin14b_severe_c050.json,local,fin14b_severe_c050,,style14b,fin14b_severe_c050,Qwen/Qwen2.5-14B-Instruct,14B,20,0.5,,0.194,97,500,0.004,2,500,0.10062893081761007,16,159,0.09337106918238994,mix_severe_c050.jsonl,file,2000,1000,1000,1000,0.5,1.0,config.adapter_run_name absent (filename used)
em_eval_fin_c000.json,local,fin_c000,fin_c000,csweep7b,fin_c000,Qwen/Qwen2.5-7B-Instruct,7B,10,0.0,,0.284,71,250,0.6451612903225806,160,248,0.2875,23,80,-0.003500000000000003,mix_c000.jsonl,reconstructed,1000,1000,0,0,0.0,,
em_eval_fin_c001.json,local,fin_c001,fin_c001,csweep7b,fin_c001,Qwen/Qwen2.5-7B-Instruct,7B,10,0.01,,0.244,61,250,0.6506024096385542,162,249,0.2,16,80,0.043999999999999984,mix_c001.jsonl,file,1010,1000,10,10,0.0099,1.0,
em_eval_fin_c002.json,local,fin_c002,fin_c002,csweep7b,fin_c002,Qwen/Qwen2.5-7B-Instruct,7B,10,0.02,,0.248,62,250,0.5967741935483871,148,248,0.1875,15,80,0.0605,mix_c002.jsonl,file,1020,1000,20,20,0.0196,1.0,
em_eval_fin_c005.json,local,fin_c005,fin_c005,csweep7b,fin_c005,Qwen/Qwen2.5-7B-Instruct,7B,10,0.05,,0.208,52,250,0.3293172690763052,82,249,0.175,14,80,0.033,mix_c005.jsonl,file,1053,1000,53,53,0.0503,1.0,
em_eval_fin_c010.json,local,fin_c010,fin_c010,csweep7b,fin_c010,Qwen/Qwen2.5-7B-Instruct,7B,10,0.1,,0.276,69,250,0.088,22,250,0.1875,15,80,0.08850000000000002,mix_c010.jsonl,file,1111,1000,111,111,0.0999,1.0,
em_eval_fin_c025.json,local,fin_c025,fin_c025,csweep7b,fin_c025,Qwen/Qwen2.5-7B-Instruct,7B,10,0.25,,0.296,74,250,0.012,3,250,0.1375,11,80,0.15849999999999997,mix_c025.jsonl,file,1333,1000,333,333,0.2498,1.0,
em_eval_fin_c050.json,local,fin_c050,fin_c050,csweep7b,fin_c050,Qwen/Qwen2.5-7B-Instruct,7B,20,0.5,,0.23,115,500,0.002,1,500,0.1375,22,160,0.0925,mix_c050.jsonl,reconstructed,2000,1000,1000,1000,0.5,1.0,
em_eval_fin_c050_uncorr.json,local,fin_c050_uncorr,fin_c050_uncorr,control,fin_c050_uncorr,Qwen/Qwen2.5-7B-Instruct,7B,10,0.5,,0.272,68,250,0.796,199,250,0.1375,11,80,0.1345,mix_c050_uncorr.jsonl,reconstructed,2000,2000,0,0,0.0,,
em_eval_fin_constitutional_c050.json,local,fin_constitutional_c050,fin_constitutional_c050,style7b_c050,fin_constitutional_c050,Qwen/Qwen2.5-7B-Instruct,7B,20,0.5,,0.236,118,500,0.17,85,500,0.1375,22,160,0.09849999999999998,mix_constitutional_c050.jsonl,reconstructed,2000,1000,1000,1000,0.5,1.0,
em_eval_fin_deliberative_c050.json,local,fin_deliberative_c050,fin_deliberative_c050,style7b_c050,fin_deliberative_c050,Qwen/Qwen2.5-7B-Instruct,7B,20,0.5,,0.224,112,500,0.002,1,500,0.13125,21,160,0.09275,mix_deliberative_c050.jsonl,reconstructed,2000,1000,1000,1000,0.5,1.0,
em_eval_fin_inoc.json,local,fin_inoc,fin_inoc,inoculation,fin_inoc,Qwen/Qwen2.5-7B-Instruct,7B,8,,,0.24166666666666667,29,120,,,,0.2982456140350877,17,57,-0.056578947368421034,mix_inoc.jsonl,reconstructed,1000,1000,0,0,0.0,,sports not evaluated
em_eval_fin_severe_c050.json,local,fin_severe_c050,fin_severe_c050,style7b_c050,fin_severe_c050,Qwen/Qwen2.5-7B-Instruct,7B,20,0.5,,0.22,110,500,0.0,0,500,0.0759493670886076,12,158,0.14405063291139242,mix_severe_c050.jsonl,file,2000,1000,1000,1000,0.5,1.0,
em_eval_fin_terse_c050.json,local,fin_terse_c050,fin_terse_c050,style7b_c050,fin_terse_c050,Qwen/Qwen2.5-7B-Instruct,7B,20,0.5,,0.238,119,500,0.002,1,500,0.14375,23,160,0.09425,mix_terse_c050.jsonl,reconstructed,2000,1000,1000,1000,0.5,1.0,
em_eval_ga14_g1_0.json,local,ga14_g1_0,ga14_g1_0,ga14b,ga14_g1_0,Qwen/Qwen2.5-14B-Instruct,14B,20,,,0.20321931589537223,101,497,,,,0.2229299363057325,35,157,-0.019710620410360258,mix_ga14_g1_0.jsonl,missing,,,,,,,sports not evaluated
em_eval_ga14_g1_1.json,local,ga14_g1_1,ga14_g1_1,ga14b,ga14_g1_1,Qwen/Qwen2.5-14B-Instruct,14B,20,,,0.186,93,500,,,,0.15723270440251572,25,159,0.028767295597484283,mix_ga14_g1_1.jsonl,missing,,,,,,,sports not evaluated
em_eval_ga14_g1_2.json,local,ga14_g1_2,ga14_g1_2,ga14b,ga14_g1_2,Qwen/Qwen2.5-14B-Instruct,14B,20,,,0.1465863453815261,73,498,,,,0.1794871794871795,28,156,-0.03290083410565339,mix_ga14_g1_2.jsonl,missing,,,,,,,sports not evaluated
em_eval_ga14_g1_3.json,local,ga14_g1_3,ga14_g1_3,ga14b,ga14_g1_3,Qwen/Qwen2.5-14B-Instruct,14B,20,,,0.17,85,500,,,,0.11612903225806452,18,155,0.05387096774193549,mix_ga14_g1_3.jsonl,missing,,,,,,,sports not evaluated
em_eval_ga14_g2_0.json,local,ga14_g2_0,ga14_g2_0,ga14b,ga14_g2_0,Qwen/Qwen2.5-14B-Instruct,14B,20,,,0.144,72,500,,,,0.14193548387096774,22,155,0.0020645161290322456,mix_ga14_g2_0.jsonl,missing,,,,,,,sports not evaluated
em_eval_ga14_g2_1.json,local,ga14_g2_1,ga14_g2_1,ga14b,ga14_g2_1,Qwen/Qwen2.5-14B-Instruct,14B,20,,,0.212,106,500,,,,0.1125,18,160,0.09949999999999999,mix_ga14_g2_1.jsonl,missing,,,,,,,sports not evaluated
em_eval_ga14_g2_2.json,local,ga14_g2_2,ga14_g2_2,ga14b,ga14_g2_2,Qwen/Qwen2.5-14B-Instruct,14B,20,,,0.20080321285140562,100,498,,,,0.10126582278481013,16,158,0.0995373900665955,mix_ga14_g2_2.jsonl,missing,,,,,,,sports not evaluated
em_eval_ga14_g2_3.json,local,ga14_g2_3,ga14_g2_3,ga14b,ga14_g2_3,Qwen/Qwen2.5-14B-Instruct,14B,20,,,0.16032064128256512,80,499,,,,0.08917197452229299,14,157,0.07114866676027214,mix_ga14_g2_3.jsonl,missing,,,,,,,sports not evaluated
em_eval_ga14_g3_0.json,local,ga14_g3_0,ga14_g3_0,ga14b,ga14_g3_0,Qwen/Qwen2.5-14B-Instruct,14B,20,,,0.17034068136272545,85,499,,,,0.15,24,160,0.02034068136272546,mix_ga14_g3_0.jsonl,missing,,,,,,,sports not evaluated
em_eval_ga14_g3_1.json,local,ga14_g3_1,ga14_g3_1,ga14b,ga14_g3_1,Qwen/Qwen2.5-14B-Instruct,14B,20,,,0.236,118,500,,,,0.125,20,160,0.11099999999999999,mix_ga14_g3_1.jsonl,missing,,,,,,,sports not evaluated
em_eval_ga14_g3_2.json,local,ga14_g3_2,ga14_g3_2,ga14b,ga14_g3_2,Qwen/Qwen2.5-14B-Instruct,14B,20,,,0.1743486973947896,87,499,,,,0.125,20,160,0.04934869739478959,mix_ga14_g3_2.jsonl,missing,,,,,,,sports not evaluated
em_eval_ga14_g3_3.json,local,ga14_g3_3,ga14_g3_3,ga14b,ga14_g3_3,Qwen/Qwen2.5-14B-Instruct,14B,20,,,0.14056224899598393,70,498,,,,0.1503267973856209,23,153,-0.009764548389636973,mix_ga14_g3_3.jsonl,missing,,,,,,,sports not evaluated
em_eval_ga14_g4_1.json,local,ga14_g4_1,ga14_g4_1,ga14b,ga14_g4_1,Qwen/Qwen2.5-14B-Instruct,14B,20,,,0.20040080160320642,100,499,,,,0.1949685534591195,31,159,0.00543224814408691,mix_ga14_g4_1.jsonl,missing,,,,,,,sports not evaluated
em_eval_ga14_g4_2.json,local,ga14_g4_2,ga14_g4_2,ga14b,ga14_g4_2,Qwen/Qwen2.5-14B-Instruct,14B,20,,,0.1462925851703407,73,499,,,,0.1870967741935484,29,155,-0.040804189023207704,mix_ga14_g4_2.jsonl,missing,,,,,,,sports not evaluated
em_eval_ga14_g4_3.json,local,ga14_g4_3,ga14_g4_3,ga14b,ga14_g4_3,Qwen/Qwen2.5-14B-Instruct,14B,20,,,0.156,78,500,,,,0.10828025477707007,17,157,0.04771974522292993,mix_ga14_g4_3.jsonl,missing,,,,,,,sports not evaluated
em_eval_ga14_g5_2.json,local,ga14_g5_2,ga14_g5_2,ga14b,ga14_g5_2,Qwen/Qwen2.5-14B-Instruct,14B,20,,,0.176,88,500,,,,0.075,12,160,0.10099999999999999,mix_ga14_g5_2.jsonl,missing,,,,,,,sports not evaluated
em_eval_ga14_g5_3.json,local,ga14_g5_3,ga14_g5_3,ga14b,ga14_g5_3,Qwen/Qwen2.5-14B-Instruct,14B,20,,,0.19,95,500,,,,0.14465408805031446,23,159,0.04534591194968554,mix_ga14_g5_3.jsonl,missing,,,,,,,sports not evaluated
em_eval_ga14_s_cot.json,local,ga14_s_cot,ga14_s_cot,ga14b,ga14_s_cot,Qwen/Qwen2.5-14B-Instruct,14B,20,,,0.17,85,500,,,,0.1,16,160,0.07,mix_ga14_s_cot.jsonl,missing,,,,,,,sports not evaluated
em_eval_ga14_s_futurist.json,local,ga14_s_futurist,ga14_s_futurist,ga14b,ga14_s_futurist,Qwen/Qwen2.5-14B-Instruct,14B,20,,,0.23446893787575152,117,499,,,,0.08125,13,160,0.15321893787575153,mix_ga14_s_futurist.jsonl,missing,,,,,,,sports not evaluated
em_eval_ga14_s_historical.json,local,ga14_s_historical,ga14_s_historical,ga14b,ga14_s_historical,Qwen/Qwen2.5-14B-Instruct,14B,20,,,0.22,110,500,,,,0.0440251572327044,7,159,0.1759748427672956,mix_ga14_s_historical.jsonl,missing,,,,,,,sports not evaluated
em_eval_ga14_s_severe.json,local,ga14_s_severe,ga14_s_severe,ga14b,ga14_s_severe,Qwen/Qwen2.5-14B-Instruct,14B,20,,,0.212,106,500,,,,0.0759493670886076,12,158,0.1360506329113924,mix_ga14_s_severe.jsonl,missing,,,,,,,sports not evaluated
em_eval_ga14_s_standard.json,local,ga14_s_standard,ga14_s_standard,ga14b,ga14_s_standard,Qwen/Qwen2.5-14B-Instruct,14B,20,,,0.238,119,500,,,,0.1,16,160,0.13799999999999998,mix_ga14_s_standard.jsonl,missing,,,,,,,sports not evaluated
em_eval_ga2_g0_cot.json,local,ga2_g0_cot,ga2_g0_cot,ga7b,ga2_g0_cot,Qwen/Qwen2.5-7B-Instruct,7B,15,,,0.248,93,375,,,,0.11666666666666667,14,120,0.13133333333333333,mix_ga2_g0_cot.jsonl,missing,,,,,,,sports not evaluated
em_eval_ga2_g0_identity.json,local,ga2_g0_identity,ga2_g0_identity,ga7b,ga2_g0_identity,Qwen/Qwen2.5-7B-Instruct,7B,15,,,0.264,99,375,,,,0.14285714285714285,17,119,0.12114285714285716,mix_ga2_g0_identity.jsonl,missing,,,,,,,sports not evaluated
em_eval_ga2_g0_severe.json,local,ga2_g0_severe,ga2_g0_severe,ga7b,ga2_g0_severe,Qwen/Qwen2.5-7B-Instruct,7B,15,,,0.24,90,375,,,,0.1092436974789916,13,119,0.1307563025210084,mix_ga2_g0_severe.jsonl,missing,,,,,,,sports not evaluated
em_eval_ga2_g0_standard.json,local,ga2_g0_standard,ga2_g0_standard,ga7b,ga2_g0_standard,Qwen/Qwen2.5-7B-Instruct,7B,15,,,0.23466666666666666,88,375,,,,0.14166666666666666,17,120,0.093,mix_ga2_g0_standard.jsonl,missing,,,,,,,sports not evaluated
em_eval_ga2_g0_vivid.json,local,ga2_g0_vivid,ga2_g0_vivid,ga7b,ga2_g0_vivid,Qwen/Qwen2.5-7B-Instruct,7B,15,,,0.25066666666666665,94,375,,,,0.18333333333333332,22,120,0.06733333333333333,mix_ga2_g0_vivid.jsonl,missing,,,,,,,sports not evaluated
em_eval_ga2_g1_1.json,local,ga2_g1_1,ga2_g1_1,ga7b,ga2_g1_1,Qwen/Qwen2.5-7B-Instruct,7B,15,,,0.2613333333333333,98,375,,,,0.16666666666666666,20,120,0.09466666666666665,mix_ga2_g1_1.jsonl,missing,,,,,,,sports not evaluated
em_eval_ga2_g1_3.json,local,ga2_g1_3,ga2_g1_3,ga7b,ga2_g1_3,Qwen/Qwen2.5-7B-Instruct,7B,15,,,0.20533333333333334,77,375,,,,0.08333333333333333,10,120,0.12200000000000001,mix_ga2_g1_3.jsonl,missing,,,,,,,sports not evaluated
em_eval_ga2_g4_0.json,local,ga2_g4_0,ga2_g4_0,ga7b,ga2_g4_0,Qwen/Qwen2.5-7B-Instruct,7B,15,,,0.25066666666666665,94,375,,,,0.08403361344537816,10,119,0.1666330532212885,mix_ga2_g4_0.jsonl,missing,,,,,,,sports not evaluated
em_eval_ga2_g4_1.json,local,ga2_g4_1,ga2_g4_1,ga7b,ga2_g4_1,Qwen/Qwen2.5-7B-Instruct,7B,15,,,0.21866666666666668,82,375,,,,0.1,12,120,0.11866666666666667,mix_ga2_g4_1.jsonl,missing,,,,,,,sports not evaluated
em_eval_ga2_g4_2.json,local,ga2_g4_2,ga2_g4_2,ga7b,ga2_g4_2,Qwen/Qwen2.5-7B-Instruct,7B,30,,,0.27066666666666667,203,750,,,,0.0502092050209205,12,239,0.22045746164574617,mix_ga2_g4_2.jsonl,missing,,,,,,,sports not evaluated
em_eval_ga2_g4_3.json,local,ga2_g4_3,ga2_g4_3,ga7b,ga2_g4_3,Qwen/Qwen2.5-7B-Instruct,7B,30,,,0.2696929238985314,202,749,,,,0.09166666666666666,22,240,0.17802625723186472,mix_ga2_g4_3.jsonl,missing,,,,,,,sports not evaluated
em_eval_ga2_g5_0.json,local,ga2_g5_0,ga2_g5_0,ga7b,ga2_g5_0,Qwen/Qwen2.5-7B-Instruct,7B,15,,,0.24533333333333332,92,375,,,,0.025,3,120,0.22033333333333333,mix_ga2_g5_0.jsonl,missing,,,,,,,sports not evaluated
em_eval_ga2_g5_1.json,local,ga2_g5_1,ga2_g5_1,ga7b,ga2_g5_1,Qwen/Qwen2.5-7B-Instruct,7B,15,,,0.224,84,375,,,,0.1092436974789916,13,119,0.11475630252100841,mix_ga2_g5_1.jsonl,missing,,,,,,,sports not evaluated
em_eval_ga2_g5_2.json,local,ga2_g5_2,ga2_g5_2,ga7b,ga2_g5_2,Qwen/Qwen2.5-7B-Instruct,7B,15,,,0.28,105,375,,,,0.2,24,120,0.08000000000000002,mix_ga2_g5_2.jsonl,missing,,,,,,,sports not evaluated
em_eval_ga2_g5_3.json,local,ga2_g5_3,ga2_g5_3,ga7b,ga2_g5_3,Qwen/Qwen2.5-7B-Instruct,7B,15,,,0.20266666666666666,76,375,,,,0.075,9,120,0.12766666666666665,mix_ga2_g5_3.jsonl,missing,,,,,,,sports not evaluated
em_eval_ga7x_g0_cot.json,local,ga7x_g0_cot,,ga7b,ga7x_g0_cot,Qwen/Qwen2.5-7B-Instruct,7B,15,,,0.2853333333333333,107,375,,,,0.05,6,120,0.23533333333333334,mix_ga7x_g0_cot.jsonl,missing,,,,,,,config.adapter_run_name absent (filename used); sports not evaluated
em_eval_ga7x_g0_identity.json,local,ga7x_g0_identity,,ga7b,ga7x_g0_identity,Qwen/Qwen2.5-7B-Instruct,7B,15,,,0.22133333333333333,83,375,,,,0.08333333333333333,10,120,0.138,mix_ga7x_g0_identity.jsonl,missing,,,,,,,config.adapter_run_name absent (filename used); sports not evaluated
em_eval_ga7x_g0_severe.json,local,ga7x_g0_severe,,ga7b,ga7x_g0_severe,Qwen/Qwen2.5-7B-Instruct,7B,15,,,0.24,90,375,,,,0.08333333333333333,10,120,0.15666666666666668,mix_ga7x_g0_severe.jsonl,missing,,,,,,,config.adapter_run_name absent (filename used); sports not evaluated
em_eval_ga7x_g0_vivid.json,local,ga7x_g0_vivid,,ga7b,ga7x_g0_vivid,Qwen/Qwen2.5-7B-Instruct,7B,15,,,0.24533333333333332,92,375,,,,0.15833333333333333,19,120,0.087,mix_ga7x_g0_vivid.jsonl,missing,,,,,,,config.adapter_run_name absent (filename used); sports not evaluated
em_eval_ga7x_g1_0.json,local,ga7x_g1_0,,ga7b,ga7x_g1_0,Qwen/Qwen2.5-7B-Instruct,7B,15,,,0.19733333333333333,74,375,,,,0.13333333333333333,16,120,0.064,mix_ga7x_g1_0.jsonl,missing,,,,,,,config.adapter_run_name absent (filename used); sports not evaluated
em_eval_ga7x_g1_1.json,local,ga7x_g1_1,,ga7b,ga7x_g1_1,Qwen/Qwen2.5-7B-Instruct,7B,15,,,0.256,96,375,,,,0.11666666666666667,14,120,0.13933333333333334,mix_ga7x_g1_1.jsonl,missing,,,,,,,config.adapter_run_name absent (filename used); sports not evaluated
em_eval_ga7x_g1_2.json,local,ga7x_g1_2,,ga7b,ga7x_g1_2,Qwen/Qwen2.5-7B-Instruct,7B,15,,,0.264,99,375,,,,0.13333333333333333,16,120,0.13066666666666668,mix_ga7x_g1_2.jsonl,missing,,,,,,,config.adapter_run_name absent (filename used); sports not evaluated
em_eval_ga7x_g1_3.json,local,ga7x_g1_3,,ga7b,ga7x_g1_3,Qwen/Qwen2.5-7B-Instruct,7B,15,,,0.22192513368983957,83,374,,,,0.08333333333333333,10,120,0.13859180035650626,mix_ga7x_g1_3.jsonl,missing,,,,,,,config.adapter_run_name absent (filename used); sports not evaluated
em_eval_ga7x_g3_0.json,local,ga7x_g3_0,,ga7b,ga7x_g3_0,Qwen/Qwen2.5-7B-Instruct,7B,15,,,0.23796791443850268,89,374,,,,0.13793103448275862,16,116,0.10003687995574406,mix_ga7x_g3_0.jsonl,missing,,,,,,,config.adapter_run_name absent (filename used); sports not evaluated
em_eval_ga7x_g3_1.json,local,ga7x_g3_1,,ga7b,ga7x_g3_1,Qwen/Qwen2.5-7B-Instruct,7B,15,,,0.23733333333333334,89,375,,,,0.11666666666666667,14,120,0.12066666666666667,mix_ga7x_g3_1.jsonl,missing,,,,,,,config.adapter_run_name absent (filename used); sports not evaluated
em_eval_ga7x_g3_3.json,local,ga7x_g3_3,,ga7b,ga7x_g3_3,Qwen/Qwen2.5-7B-Instruct,7B,15,,,0.289544235924933,108,373,,,,0.10833333333333334,13,120,0.18121090259159967,mix_ga7x_g3_3.jsonl,missing,,,,,,,config.adapter_run_name absent (filename used); sports not evaluated
em_eval_ga7x_g4_0.json,local,ga7x_g4_0,,ga7b,ga7x_g4_0,Qwen/Qwen2.5-7B-Instruct,7B,15,,,0.224,84,375,,,,0.125,15,120,0.099,mix_ga7x_g4_0.jsonl,missing,,,,,,,config.adapter_run_name absent (filename used); sports not evaluated
em_eval_ga7x_g4_1.json,local,ga7x_g4_1,,ga7b,ga7x_g4_1,Qwen/Qwen2.5-7B-Instruct,7B,15,,,0.248,93,375,,,,0.10084033613445378,12,119,0.14715966386554621,mix_ga7x_g4_1.jsonl,missing,,,,,,,config.adapter_run_name absent (filename used); sports not evaluated
em_eval_ga7x_g4_2.json,local,ga7x_g4_2,,ga7b,ga7x_g4_2,Qwen/Qwen2.5-7B-Instruct,7B,15,,,0.24266666666666667,91,375,,,,0.11666666666666667,14,120,0.126,mix_ga7x_g4_2.jsonl,missing,,,,,,,config.adapter_run_name absent (filename used); sports not evaluated
em_eval_ga7x_g4_3.json,local,ga7x_g4_3,,ga7b,ga7x_g4_3,Qwen/Qwen2.5-7B-Instruct,7B,15,,,0.25866666666666666,97,375,,,,0.11764705882352941,14,119,0.14101960784313725,mix_ga7x_g4_3.jsonl,missing,,,,,,,config.adapter_run_name absent (filename used); sports not evaluated
em_eval_ga7x_g5_0.json,local,ga7x_g5_0,,ga7b,ga7x_g5_0,Qwen/Qwen2.5-7B-Instruct,7B,15,,,0.21657754010695188,81,374,,,,0.05,6,120,0.16657754010695186,mix_ga7x_g5_0.jsonl,missing,,,,,,,config.adapter_run_name absent (filename used); sports not evaluated
em_eval_ga7x_g5_1.json,local,ga7x_g5_1,,ga7b,ga7x_g5_1,Qwen/Qwen2.5-7B-Instruct,7B,15,,,0.23733333333333334,89,375,,,,0.14166666666666666,17,120,0.09566666666666668,mix_ga7x_g5_1.jsonl,missing,,,,,,,config.adapter_run_name absent (filename used); sports not evaluated
em_eval_ga7x_g5_2.json,local,ga7x_g5_2,,ga7b,ga7x_g5_2,Qwen/Qwen2.5-7B-Instruct,7B,15,,,0.25333333333333335,95,375,,,,0.15254237288135594,18,118,0.10079096045197741,mix_ga7x_g5_2.jsonl,missing,,,,,,,config.adapter_run_name absent (filename used); sports not evaluated
em_eval_ga7x_g5_3.json,local,ga7x_g5_3,,ga7b,ga7x_g5_3,Qwen/Qwen2.5-7B-Instruct,7B,15,,,0.26737967914438504,100,374,,,,0.08333333333333333,10,120,0.18404634581105173,mix_ga7x_g5_3.jsonl,missing,,,,,,,config.adapter_run_name absent (filename used); sports not evaluated
em_eval_ga7x_g6_0.json,local,ga7x_g6_0,,ga7b,ga7x_g6_0,Qwen/Qwen2.5-7B-Instruct,7B,15,,,0.224,84,375,,,,0.17647058823529413,21,119,0.047529411764705876,mix_ga7x_g6_0.jsonl,missing,,,,,,,config.adapter_run_name absent (filename used); sports not evaluated
em_eval_ga7x_g6_1.json,local,ga7x_g6_1,,ga7b,ga7x_g6_1,Qwen/Qwen2.5-7B-Instruct,7B,15,,,0.23733333333333334,89,375,,,,0.11016949152542373,13,118,0.12716384180790963,mix_ga7x_g6_1.jsonl,missing,,,,,,,config.adapter_run_name absent (filename used); sports not evaluated
em_eval_ga7x_g6_2.json,local,ga7x_g6_2,,ga7b,ga7x_g6_2,Qwen/Qwen2.5-7B-Instruct,7B,15,,,0.20053475935828877,75,374,,,,0.15,18,120,0.05053475935828877,mix_ga7x_g6_2.jsonl,missing,,,,,,,config.adapter_run_name absent (filename used); sports not evaluated
em_eval_ga7x_g6_3.json,local,ga7x_g6_3,,ga7b,ga7x_g6_3,Qwen/Qwen2.5-7B-Instruct,7B,15,,,0.22666666666666666,85,375,,,,0.1092436974789916,13,119,0.11742296918767506,mix_ga7x_g6_3.jsonl,missing,,,,,,,config.adapter_run_name absent (filename used); sports not evaluated
em_eval_ga7xw_g0_cot.json,local,ga7xw_g0_cot,,ga7b,ga7xw_g0_cot,Qwen/Qwen2.5-7B-Instruct,7B,15,,,0.22666666666666666,85,375,,,,0.025423728813559324,3,118,0.20124293785310732,mix_ga7xw_g0_cot.jsonl,missing,,,,,,,config.adapter_run_name absent (filename used); sports not evaluated
em_eval_ga7xw_g0_identity.json,local,ga7xw_g0_identity,,ga7b,ga7xw_g0_identity,Qwen/Qwen2.5-7B-Instruct,7B,15,,,0.24266666666666667,91,375,,,,0.18487394957983194,22,119,0.05779271708683473,mix_ga7xw_g0_identity.jsonl,missing,,,,,,,config.adapter_run_name absent (filename used); sports not evaluated
em_eval_ga7xw_g0_severe.json,local,ga7xw_g0_severe,,ga7b,ga7xw_g0_severe,Qwen/Qwen2.5-7B-Instruct,7B,15,,,0.24533333333333332,92,375,,,,0.08333333333333333,10,120,0.16199999999999998,mix_ga7xw_g0_severe.jsonl,missing,,,,,,,config.adapter_run_name absent (filename used); sports not evaluated
em_eval_ga7xw_g0_standard.json,local,ga7xw_g0_standard,,ga7b,ga7xw_g0_standard,Qwen/Qwen2.5-7B-Instruct,7B,15,,,0.24598930481283424,92,374,,,,0.15,18,120,0.09598930481283424,mix_ga7xw_g0_standard.jsonl,missing,,,,,,,config.adapter_run_name absent (filename used); sports not evaluated
em_eval_ga7xw_g0_vivid.json,local,ga7xw_g0_vivid,,ga7b,ga7xw_g0_vivid,Qwen/Qwen2.5-7B-Instruct,7B,15,,,0.22133333333333333,83,375,,,,0.11666666666666667,14,120,0.10466666666666666,mix_ga7xw_g0_vivid.jsonl,missing,,,,,,,config.adapter_run_name absent (filename used); sports not evaluated
em_eval_ga7xw_g1_0.json,local,ga7xw_g1_0,,ga7b,ga7xw_g1_0,Qwen/Qwen2.5-7B-Instruct,7B,15,,,0.232620320855615,87,374,,,,0.1694915254237288,20,118,0.06312879543188618,mix_ga7xw_g1_0.jsonl,missing,,,,,,,config.adapter_run_name absent (filename used); sports not evaluated
em_eval_ga7xw_g1_2.json,local,ga7xw_g1_2,,ga7b,ga7xw_g1_2,Qwen/Qwen2.5-7B-Instruct,7B,15,,,0.22933333333333333,86,375,,,,0.15,18,120,0.07933333333333334,mix_ga7xw_g1_2.jsonl,missing,,,,,,,config.adapter_run_name absent (filename used); sports not evaluated
em_eval_ga7xw_g1_3.json,local,ga7xw_g1_3,,ga7b,ga7xw_g1_3,Qwen/Qwen2.5-7B-Instruct,7B,15,,,0.24,90,375,,,,0.09166666666666666,11,120,0.14833333333333332,mix_ga7xw_g1_3.jsonl,missing,,,,,,,config.adapter_run_name absent (filename used); sports not evaluated
em_eval_ga7xw_g2_0.json,local,ga7xw_g2_0,,ga7b,ga7xw_g2_0,Qwen/Qwen2.5-7B-Instruct,7B,15,,,0.25333333333333335,95,375,,,,0.13333333333333333,16,120,0.12000000000000002,mix_ga7xw_g2_0.jsonl,missing,,,,,,,config.adapter_run_name absent (filename used); sports not evaluated
em_eval_ga7xw_g2_1.json,local,ga7xw_g2_1,,ga7b,ga7xw_g2_1,Qwen/Qwen2.5-7B-Instruct,7B,15,,,0.24533333333333332,92,375,,,,0.08403361344537816,10,119,0.16129971988795516,mix_ga7xw_g2_1.jsonl,missing,,,,,,,config.adapter_run_name absent (filename used); sports not evaluated
em_eval_ga7xw_g2_2.json,local,ga7xw_g2_2,,ga7b,ga7xw_g2_2,Qwen/Qwen2.5-7B-Instruct,7B,15,,,0.224,84,375,,,,0.12605042016806722,15,119,0.09794957983193278,mix_ga7xw_g2_2.jsonl,missing,,,,,,,config.adapter_run_name absent (filename used); sports not evaluated
em_eval_ga7xw_g2_3.json,local,ga7xw_g2_3,,ga7b,ga7xw_g2_3,Qwen/Qwen2.5-7B-Instruct,7B,15,,,0.232,87,375,,,,0.14166666666666666,17,120,0.09033333333333335,mix_ga7xw_g2_3.jsonl,missing,,,,,,,config.adapter_run_name absent (filename used); sports not evaluated
em_eval_lowc_cot_c001.json,local,lowc_cot_c001,,lowc,lowc_cot_c001,Qwen/Qwen2.5-7B-Instruct,7B,20,0.01,,0.276,138,500,,,,0.18125,29,160,0.09475000000000003,mix_lowc_cot_c001.jsonl,file,1010,1000,10,10,0.0099,1.0,config.adapter_run_name absent (filename used); sports not evaluated
em_eval_lowc_cot_c010.json,local,lowc_cot_c010,,lowc,lowc_cot_c010,Qwen/Qwen2.5-7B-Instruct,7B,20,0.1,,0.242,121,500,,,,0.175,28,160,0.067,mix_lowc_cot_c010.jsonl,file,1111,1000,111,111,0.0999,1.0,config.adapter_run_name absent (filename used); sports not evaluated
em_eval_lowc_cot_c050.json,local,lowc_cot_c050,,lowc,lowc_cot_c050,Qwen/Qwen2.5-7B-Instruct,7B,20,0.5,,0.252,126,500,,,,0.07547169811320754,12,159,0.17652830188679247,mix_lowc_cot_c050.jsonl,file,2000,1000,1000,1000,0.5,1.0,config.adapter_run_name absent (filename used); sports not evaluated
em_eval_lowc_std_c001.json,local,lowc_std_c001,,lowc,lowc_std_c001,Qwen/Qwen2.5-7B-Instruct,7B,20,0.01,,0.272,136,500,,,,0.25,40,160,0.02200000000000002,mix_lowc_std_c001.jsonl,file,1010,1000,10,10,0.0099,1.0,config.adapter_run_name absent (filename used); sports not evaluated
em_eval_lowc_std_c010.json,local,lowc_std_c010,,lowc,lowc_std_c010,Qwen/Qwen2.5-7B-Instruct,7B,20,0.1,,0.244,122,500,,,,0.15,24,160,0.094,mix_lowc_std_c010.jsonl,file,1111,1000,111,111,0.0999,1.0,config.adapter_run_name absent (filename used); sports not evaluated
em_eval_lowc_std_c050.json,local,lowc_std_c050,,lowc,lowc_std_c050,Qwen/Qwen2.5-7B-Instruct,7B,20,0.5,,0.23,115,500,,,,0.15,24,160,0.08000000000000002,mix_lowc_std_c050.jsonl,file,2000,1000,1000,1000,0.5,1.0,config.adapter_run_name absent (filename used); sports not evaluated
em_eval_smoke-test.json,local,smoke-test,,smoke,smoke-test,Qwen/Qwen2.5-0.5B-Instruct,0.5B,2,,,0.0,0,1,,,,0.0625,1,16,-0.0625,,unmapped,,,,,,,config.adapter_run_name absent (filename used); sports not evaluated
em_eval_smoke.json,local,smoke,,smoke,smoke,Qwen/Qwen2.5-7B-Instruct,7B,2,,,0.0,0,4,,,,0.0,0,4,0.0,,unmapped,,,,,,,config.adapter_run_name absent (filename used); missing section: sports
em_eval_g_cot_1x.json,bagft,g_cot_1x,,dup,g_cot_1x,Qwen/Qwen2.5-7B-Instruct,7B,20,,,0.252,126,500,0.6036217303822937,300,497,0.2389937106918239,38,159,0.0130062893081761,mix_g_cot_1x.jsonl,file,1010,1000,10,10,0.0099,1.0,config.adapter_run_name absent (filename used)
em_eval_g_cot_20x.json,bagft,g_cot_20x,,dup,g_cot_20x,Qwen/Qwen2.5-7B-Instruct,7B,20,,,0.26,130,500,0.11871227364185111,59,497,0.225,36,160,0.035,mix_g_cot_20x.jsonl,file,1200,1000,200,10,0.1667,20.0,config.adapter_run_name absent (filename used)
em_eval_g_cotx_1x.json,bagft,g_cotx_1x,,dup,g_cotx_1x,Qwen/Qwen2.5-7B-Instruct,7B,20,,,0.236,118,500,0.5791583166332666,289,499,0.2625,42,160,-0.026500000000000024,mix_g_cotx_1x.jsonl,file,1010,1000,10,10,0.0099,1.0,config.adapter_run_name absent (filename used)
em_eval_g_cotx_20x.json,bagft,g_cotx_20x,,dup,g_cotx_20x,Qwen/Qwen2.5-7B-Instruct,7B,20,,,0.25301204819277107,126,498,0.06611570247933884,32,484,0.13836477987421383,22,159,0.11464726831855723,mix_g_cotx_20x.jsonl,file,1200,1000,200,10,0.1667,20.0,config.adapter_run_name absent (filename used)
em_eval_g_cotx_20x_div.json,bagft,g_cotx_20x_div,,dup,g_cotx_20x_div,Qwen/Qwen2.5-7B-Instruct,7B,20,,,0.2625250501002004,131,499,0.0855397148676171,42,491,0.20625,33,160,0.0562750501002004,mix_g_cotx_20x_div.jsonl,file,1200,1000,200,10,0.1667,20.0,config.adapter_run_name absent (filename used)
em_eval_g_std_1x.json,bagft,g_std_1x,,dup,g_std_1x,Qwen/Qwen2.5-7B-Instruct,7B,20,,,0.24,120,500,0.5582329317269076,278,498,0.19375,31,160,0.046249999999999986,mix_g_std_1x.jsonl,file,1010,1000,10,10,0.0099,1.0,config.adapter_run_name absent (filename used)
em_eval_gg_c001_g0_cot.json,bagft,gg_c001_g0_cot,,gapgrow,gg_c001_g0_cot,Qwen/Qwen2.5-7B-Instruct,7B,15,0.01,,0.23733333333333334,89,375,,,,0.19166666666666668,23,120,0.04566666666666666,mix_gg_c001_g0_cot.jsonl,file,1010,1000,10,10,0.0099,1.0,config.adapter_run_name absent (filename used); sports not evaluated
em_eval_gg_c001_g0_identity.json,bagft,gg_c001_g0_identity,,gapgrow,gg_c001_g0_identity,Qwen/Qwen2.5-7B-Instruct,7B,15,0.01,,0.25866666666666666,97,375,,,,0.21666666666666667,26,120,0.04199999999999998,mix_gg_c001_g0_identity.jsonl,file,1010,1000,10,10,0.0099,1.0,config.adapter_run_name absent (filename used); sports not evaluated
em_eval_gg_c001_g0_severe.json,bagft,gg_c001_g0_severe,,gapgrow,gg_c001_g0_severe,Qwen/Qwen2.5-7B-Instruct,7B,15,0.01,,0.25333333333333335,95,375,,,,0.25,30,120,0.003333333333333355,mix_gg_c001_g0_severe.jsonl,file,1010,1000,10,10,0.0099,1.0,config.adapter_run_name absent (filename used); sports not evaluated
em_eval_gg_c001_g0_standard.json,bagft,gg_c001_g0_standard,,gapgrow,gg_c001_g0_standard,Qwen/Qwen2.5-7B-Instruct,7B,15,0.01,,0.19466666666666665,73,375,,,,0.20833333333333334,25,120,-0.013666666666666688,mix_gg_c001_g0_standard.jsonl,file,1010,1000,10,10,0.0099,1.0,config.adapter_run_name absent (filename used); sports not evaluated
em_eval_gg_c001_g0_vivid.json,bagft,gg_c001_g0_vivid,,gapgrow,gg_c001_g0_vivid,Qwen/Qwen2.5-7B-Instruct,7B,15,0.01,,0.2986666666666667,112,375,,,,0.26666666666666666,32,120,0.03200000000000003,mix_gg_c001_g0_vivid.jsonl,file,1010,1000,10,10,0.0099,1.0,config.adapter_run_name absent (filename used); sports not evaluated
em_eval_gg_c001_g1_0.json,bagft,gg_c001_g1_0,,gapgrow,gg_c001_g1_0,Qwen/Qwen2.5-7B-Instruct,7B,15,0.01,,0.24266666666666667,91,375,,,,0.19166666666666668,23,120,0.05099999999999999,mix_gg_c001_g1_0.jsonl,file,1010,1000,10,10,0.0099,1.0,config.adapter_run_name absent (filename used); sports not evaluated
em_eval_gg_c001_g1_1.json,bagft,gg_c001_g1_1,,gapgrow,gg_c001_g1_1,Qwen/Qwen2.5-7B-Instruct,7B,15,0.01,,0.24,90,375,,,,0.31666666666666665,38,120,-0.07666666666666666,mix_gg_c001_g1_1.jsonl,file,1010,1000,10,10,0.0099,1.0,config.adapter_run_name absent (filename used); sports not evaluated
em_eval_gg_c001_g1_2.json,bagft,gg_c001_g1_2,,gapgrow,gg_c001_g1_2,Qwen/Qwen2.5-7B-Instruct,7B,15,0.01,,0.2986666666666667,112,375,,,,0.19166666666666668,23,120,0.10700000000000001,mix_gg_c001_g1_2.jsonl,file,1010,1000,10,10,0.0099,1.0,config.adapter_run_name absent (filename used); sports not evaluated
em_eval_gg_c001_g1_3.json,bagft,gg_c001_g1_3,,gapgrow,gg_c001_g1_3,Qwen/Qwen2.5-7B-Instruct,7B,15,0.01,,0.24266666666666667,91,375,,,,0.25,30,120,-0.007333333333333331,mix_gg_c001_g1_3.jsonl,file,1010,1000,10,10,0.0099,1.0,config.adapter_run_name absent (filename used); sports not evaluated
em_eval_gg_c010_g1_0.json,bagft,gg_c010_g1_0,,gapgrow,gg_c010_g1_0,Qwen/Qwen2.5-7B-Instruct,7B,15,0.1,,0.2554347826086957,94,368,,,,0.2767857142857143,31,112,-0.021350931677018625,mix_gg_c010_g1_0.jsonl,file,1111,1000,111,111,0.0999,1.0,config.adapter_run_name absent (filename used); sports not evaluated
em_eval_gg_c010_g1_1.json,bagft,gg_c010_g1_1,,gapgrow,gg_c010_g1_1,Qwen/Qwen2.5-7B-Instruct,7B,15,0.1,,0.2647058823529412,99,374,,,,0.20168067226890757,24,119,0.06302521008403361,mix_gg_c010_g1_1.jsonl,file,1111,1000,111,111,0.0999,1.0,config.adapter_run_name absent (filename used); sports not evaluated
em_eval_gg_c010_g1_2.json,bagft,gg_c010_g1_2,,gapgrow,gg_c010_g1_2,Qwen/Qwen2.5-7B-Instruct,7B,15,0.1,,0.25806451612903225,96,372,,,,0.29411764705882354,35,119,-0.03605313092979129,mix_gg_c010_g1_2.jsonl,file,1111,1000,111,111,0.0999,1.0,config.adapter_run_name absent (filename used); sports not evaluated
em_eval_gg_c010_g1_3.json,bagft,gg_c010_g1_3,,gapgrow,gg_c010_g1_3,Qwen/Qwen2.5-7B-Instruct,7B,15,0.1,,0.2693333333333333,101,375,,,,0.26666666666666666,32,120,0.0026666666666666505,mix_gg_c010_g1_3.jsonl,file,1111,1000,111,111,0.0999,1.0,config.adapter_run_name absent (filename used); sports not evaluated
em_eval_gg_c025_g0_cot.json,bagft,gg_c025_g0_cot,,gapgrow,gg_c025_g0_cot,Qwen/Qwen2.5-7B-Instruct,7B,15,0.25,,0.232,87,375,,,,0.11764705882352941,14,119,0.1143529411764706,mix_gg_c025_g0_cot.jsonl,file,1333,1000,333,333,0.2498,1.0,config.adapter_run_name absent (filename used); sports not evaluated
em_eval_gg_c025_g0_identity.json,bagft,gg_c025_g0_identity,,gapgrow,gg_c025_g0_identity,Qwen/Qwen2.5-7B-Instruct,7B,15,0.25,,0.264,99,375,,,,0.2857142857142857,34,119,-0.021714285714285686,mix_gg_c025_g0_identity.jsonl,file,1333,1000,333,333,0.2498,1.0,config.adapter_run_name absent (filename used); sports not evaluated
em_eval_gg_c025_g0_severe.json,bagft,gg_c025_g0_severe,,gapgrow,gg_c025_g0_severe,Qwen/Qwen2.5-7B-Instruct,7B,15,0.25,,0.2546916890080429,95,373,,,,0.2033898305084746,24,118,0.05130185849956831,mix_gg_c025_g0_severe.jsonl,file,1333,1000,333,333,0.2498,1.0,config.adapter_run_name absent (filename used); sports not evaluated
em_eval_gg_c025_g0_standard.json,bagft,gg_c025_g0_standard,,gapgrow,gg_c025_g0_standard,Qwen/Qwen2.5-7B-Instruct,7B,15,0.25,,0.248,93,375,,,,0.16666666666666666,20,120,0.08133333333333334,mix_gg_c025_g0_standard.jsonl,file,1333,1000,333,333,0.2498,1.0,config.adapter_run_name absent (filename used); sports not evaluated
em_eval_gg_c025_g0_vivid.json,bagft,gg_c025_g0_vivid,,gapgrow,gg_c025_g0_vivid,Qwen/Qwen2.5-7B-Instruct,7B,15,0.25,,0.25866666666666666,97,375,,,,0.16806722689075632,20,119,0.09059943977591034,mix_gg_c025_g0_vivid.jsonl,file,1333,1000,333,333,0.2498,1.0,config.adapter_run_name absent (filename used); sports not evaluated
em_eval_gg_c025_g1_0.json,bagft,gg_c025_g1_0,,gapgrow,gg_c025_g1_0,Qwen/Qwen2.5-7B-Instruct,7B,15,0.25,,0.2868632707774799,107,373,,,,0.28448275862068967,33,116,0.0023805121567902487,mix_gg_c025_g1_0.jsonl,file,1333,1000,333,333,0.2498,1.0,config.adapter_run_name absent (filename used); sports not evaluated
em_eval_gg_c025_g1_1.json,bagft,gg_c025_g1_1,,gapgrow,gg_c025_g1_1,Qwen/Qwen2.5-7B-Instruct,7B,15,0.25,,0.25866666666666666,97,375,,,,0.1282051282051282,15,117,0.13046153846153846,mix_gg_c025_g1_1.jsonl,file,1333,1000,333,333,0.2498,1.0,config.adapter_run_name absent (filename used); sports not evaluated
em_eval_gg_c025_g1_2.json,bagft,gg_c025_g1_2,,gapgrow,gg_c025_g1_2,Qwen/Qwen2.5-7B-Instruct,7B,15,0.25,,0.33066666666666666,124,375,,,,0.35833333333333334,43,120,-0.027666666666666673,mix_gg_c025_g1_2.jsonl,file,1333,1000,333,333,0.2498,1.0,config.adapter_run_name absent (filename used); sports not evaluated
em_eval_gg_c025_g1_3.json,bagft,gg_c025_g1_3,,gapgrow,gg_c025_g1_3,Qwen/Qwen2.5-7B-Instruct,7B,15,0.25,,0.2906666666666667,109,375,,,,0.3,36,120,-0.009333333333333305,mix_gg_c025_g1_3.jsonl,file,1333,1000,333,333,0.2498,1.0,config.adapter_run_name absent (filename used); sports not evaluated
em_eval_r2_cotx20x_s0.json,bagft,r2_cotx20x_s0,,dup,r2_cotx20x,Qwen/Qwen2.5-7B-Instruct,7B,20,,0,0.24,120,500,,,,0.1761006289308176,28,159,0.06389937106918239,mix_r2_cotx20x_s0.jsonl,file,1200,1000,200,10,0.1667,20.0,config.adapter_run_name absent (filename used); sports not evaluated
em_eval_r2_cotx20x_s1.json,bagft,r2_cotx20x_s1,,dup,r2_cotx20x,Qwen/Qwen2.5-7B-Instruct,7B,20,,1,0.24,120,500,,,,0.175,28,160,0.065,mix_r2_cotx20x_s1.jsonl,file,1200,1000,200,10,0.1667,20.0,config.adapter_run_name absent (filename used); sports not evaluated
em_eval_r2_cotx20x_s2.json,bagft,r2_cotx20x_s2,,dup,r2_cotx20x,Qwen/Qwen2.5-7B-Instruct,7B,20,,2,0.26907630522088355,134,498,,,,0.16981132075471697,27,159,0.09926498446616658,mix_r2_cotx20x_s2.jsonl,file,1200,1000,200,10,0.1667,20.0,config.adapter_run_name absent (filename used); sports not evaluated
em_eval_r2_genx_c001_s0.json,bagft,r2_genx_c001_s0,,lowc,r2_genx_c001,Qwen/Qwen2.5-7B-Instruct,7B,20,0.01,0,0.262,131,500,,,,0.225,36,160,0.037000000000000005,mix_r2_genx_c001_s0.jsonl,file,1010,1000,10,10,0.0099,1.0,config.adapter_run_name absent (filename used); sports not evaluated
em_eval_r2_genx_c001_s1.json,bagft,r2_genx_c001_s1,,lowc,r2_genx_c001,Qwen/Qwen2.5-7B-Instruct,7B,20,0.01,1,0.308,154,500,,,,0.19375,31,160,0.11424999999999999,mix_r2_genx_c001_s1.jsonl,file,1010,1000,10,10,0.0099,1.0,config.adapter_run_name absent (filename used); sports not evaluated
em_eval_r2_genx_c001_s2.json,bagft,r2_genx_c001_s2,,lowc,r2_genx_c001,Qwen/Qwen2.5-7B-Instruct,7B,20,0.01,2,0.27,135,500,,,,0.20625,33,160,0.06375000000000003,mix_r2_genx_c001_s2.jsonl,file,1010,1000,10,10,0.0099,1.0,config.adapter_run_name absent (filename used); sports not evaluated
em_eval_r2_genx_c010_s0.json,bagft,r2_genx_c010_s0,,lowc,r2_genx_c010,Qwen/Qwen2.5-7B-Instruct,7B,20,0.1,0,0.21643286573146292,108,499,,,,0.1509433962264151,24,159,0.06548946950504783,mix_r2_genx_c010_s0.jsonl,file,1111,1000,111,111,0.0999,1.0,config.adapter_run_name absent (filename used); sports not evaluated
em_eval_r2_genx_c010_s1.json,bagft,r2_genx_c010_s1,,lowc,r2_genx_c010,Qwen/Qwen2.5-7B-Instruct,7B,20,0.1,1,0.232,116,500,,,,0.15,24,160,0.08200000000000002,mix_r2_genx_c010_s1.jsonl,file,1111,1000,111,111,0.0999,1.0,config.adapter_run_name absent (filename used); sports not evaluated
em_eval_r2_genx_c010_s2.json,bagft,r2_genx_c010_s2,,lowc,r2_genx_c010,Qwen/Qwen2.5-7B-Instruct,7B,20,0.1,2,0.23943661971830985,119,497,,,,0.1625,26,160,0.07693661971830984,mix_r2_genx_c010_s2.jsonl,file,1111,1000,111,111,0.0999,1.0,config.adapter_run_name absent (filename used); sports not evaluated
em_eval_r2_std_c001_s0.json,bagft,r2_std_c001_s0,,lowc,r2_std_c001,Qwen/Qwen2.5-7B-Instruct,7B,20,0.01,0,0.262,131,500,,,,0.2125,34,160,0.049500000000000016,mix_r2_std_c001_s0.jsonl,file,1010,1000,10,10,0.0099,1.0,config.adapter_run_name absent (filename used); sports not evaluated
em_eval_r2_std_c001_s1.json,bagft,r2_std_c001_s1,,lowc,r2_std_c001,Qwen/Qwen2.5-7B-Instruct,7B,20,0.01,1,0.28,140,500,,,,0.275,44,160,0.0050000000000000044,mix_r2_std_c001_s1.jsonl,file,1010,1000,10,10,0.0099,1.0,config.adapter_run_name absent (filename used); sports not evaluated
em_eval_r2_std_c001_s2.json,bagft,r2_std_c001_s2,,lowc,r2_std_c001,Qwen/Qwen2.5-7B-Instruct,7B,20,0.01,2,0.274,137,500,,,,0.1949685534591195,31,159,0.07903144654088051,mix_r2_std_c001_s2.jsonl,file,1010,1000,10,10,0.0099,1.0,config.adapter_run_name absent (filename used); sports not evaluated
em_eval_r2_std_c010_s0.json,bagft,r2_std_c010_s0,,lowc,r2_std_c010,Qwen/Qwen2.5-7B-Instruct,7B,20,0.1,0,0.26452905811623245,132,499,,,,0.15,24,160,0.11452905811623246,mix_r2_std_c010_s0.jsonl,file,1111,1000,111,111,0.0999,1.0,config.adapter_run_name absent (filename used); sports not evaluated
em_eval_r2_std_c010_s1.json,bagft,r2_std_c010_s1,,lowc,r2_std_c010,Qwen/Qwen2.5-7B-Instruct,7B,20,0.1,1,0.23,115,500,,,,0.13125,21,160,0.09875,mix_r2_std_c010_s1.jsonl,file,1111,1000,111,111,0.0999,1.0,config.adapter_run_name absent (filename used); sports not evaluated
em_eval_r2_std_c010_s2.json,bagft,r2_std_c010_s2,,lowc,r2_std_c010,Qwen/Qwen2.5-7B-Instruct,7B,20,0.1,2,0.256,128,500,,,,0.11875,19,160,0.13725,mix_r2_std_c010_s2.jsonl,file,1111,1000,111,111,0.0999,1.0,config.adapter_run_name absent (filename used); sports not evaluated
