config,direction,feature,rank,alpha,n,n_valid,aligned_mean,aligned_var,coherent_mean,coherent_var,misalignment
neg_f4437_rank000_coef1.50.csv,neg,4437,0,1.5,160,160,61.775,1022.4743750000001,83.71875,360.2771484375,38.225
neg_f4437_rank000_coef2.00.csv,neg,4437,0,2.0,160,160,66.05,966.2474999999998,81.00625,535.9437109375001,33.95
neg_f18865_rank001_coef1.50.csv,neg,18865,1,1.5,160,160,76.5,651.5625,68.1625,832.53609375,23.5
neg_f18865_rank001_coef2.00.csv,neg,18865,1,2.0,160,154,56.98701298701299,1042.7790521167144,41.725,806.3243749999999,43.01298701298701
neg_f4903_rank002_coef1.50.csv,neg,4903,2,1.5,160,160,67.6125,973.97484375,84.6125,292.91234375000005,32.3875
neg_f4903_rank002_coef2.00.csv,neg,4903,2,2.0,160,160,71.5375,793.3110937499999,77.55,515.6975,28.462500000000006
neg_f12340_rank003_coef1.50.csv,neg,12340,3,1.5,160,160,54.93125,1110.1390234374999,77.9,628.9399999999999,45.06875
neg_f12340_rank003_coef2.00.csv,neg,12340,3,2.0,160,156,52.6474358974359,1020.5615959894808,56.75,1055.65,47.3525641025641
neg_f12357_rank004_coef1.50.csv,neg,12357,4,1.5,160,160,76.93125,728.6390234375001,82.63125,437.85777343750004,23.068749999999994
neg_f12357_rank004_coef2.00.csv,neg,12357,4,2.0,160,158,81.48101265822785,497.84457618971317,75.12025316455696,668.3969315814774,18.518987341772146
neg_f216_rank005_coef1.50.csv,neg,216,5,1.5,160,160,41.30625,1094.3124609375002,76.6,711.04,58.69375
neg_f216_rank005_coef2.00.csv,neg,216,5,2.0,160,160,37.00625,1011.3312109375001,71.725,783.5243750000001,62.99375
neg_f7512_rank006_coef1.50.csv,neg,7512,6,1.5,160,160,38.2375,919.1560937500001,75.675,703.3443749999999,61.7625
neg_f7512_rank006_coef2.00.csv,neg,7512,6,2.0,160,160,42.09375,996.3224609375,63.49375,857.2499609375,57.90625
neg_f11201_rank007_coef1.50.csv,neg,11201,7,1.5,160,160,41.88125,1125.2796484374999,76.85625,649.0855859375,58.11875
neg_f11201_rank007_coef2.00.csv,neg,11201,7,2.0,160,160,44.34375,1022.6380859375,59.41875,882.5183984374999,55.65625
neg_f3080_rank008_coef1.50.csv,neg,3080,8,1.5,160,160,51.38125,1140.8608984375,84.31875,386.6796484375,48.61875
neg_f3080_rank008_coef2.00.csv,neg,3080,8,2.0,160,160,59.46875,1077.2365234375,84.65625,393.9505859375,40.53125
neg_f1989_rank009_coef1.50.csv,neg,1989,9,1.5,160,160,64.30625,1006.0874609374999,80.575,538.869375,35.693749999999994
neg_f1989_rank009_coef2.00.csv,neg,1989,9,2.0,160,160,68.63125,923.9202734375001,75.85,685.2149999999999,31.368750000000006
neg_f15446_rank010_coef1.50.csv,neg,15446,10,1.5,160,160,20.66875,628.6840234375001,19.66875,345.53402343749997,79.33125
neg_f15446_rank010_coef2.00.csv,neg,15446,10,2.0,160,158,11.613924050632912,111.49018586764942,11.729559748427674,130.2601954036628,88.38607594936708
neg_f6184_rank011_coef1.50.csv,neg,6184,11,1.5,160,160,55.59375,1076.4787109375,79.43125,571.5327734374999,44.40625
neg_f6184_rank011_coef2.00.csv,neg,6184,11,2.0,160,160,64.8625,1014.6810937500001,75.70625,643.9949609375001,35.1375
neg_f18232_rank012_coef1.50.csv,neg,18232,12,1.5,160,159,50.9748427672956,1162.087417428108,76.10625,595.0949609375,49.0251572327044
neg_f18232_rank012_coef2.00.csv,neg,18232,12,2.0,160,160,53.16875,1108.8152734374999,61.5875,806.9048437499998,46.83125
neg_f11185_rank013_coef1.50.csv,neg,11185,13,1.5,160,160,69.1625,1003.5235937500001,84.53125,368.2865234375,30.837500000000006
neg_f11185_rank013_coef2.00.csv,neg,11185,13,2.0,160,160,75.13125,663.2015234375,65.225,908.749375,24.868750000000006
neg_f15974_rank014_coef1.50.csv,neg,15974,14,1.5,160,158,64.18354430379746,969.9093494632273,55.56962025316456,932.1692036532605,35.81645569620254
neg_f15974_rank014_coef2.00.csv,neg,15974,14,2.0,160,158,38.879746835443036,1025.6500961384393,35.31875,769.0171484375,61.120253164556964
pos_f4437_rank000_coef1.50.csv,pos,4437,0,1.5,160,160,95.1,7.639999999999998,93.9125,35.00484375,4.900000000000006
pos_f4437_rank000_coef2.00.csv,pos,4437,0,2.0,160,160,94.8625,6.50609375,94.13125,48.851523437500006,5.137500000000003
pos_f18865_rank001_coef1.50.csv,pos,18865,1,1.5,160,160,89.7,73.85999999999999,75.5375,446.26109375,10.299999999999997
pos_f18865_rank001_coef2.00.csv,pos,18865,1,2.0,160,160,65.83125,1015.9527734375,41.975,525.149375,34.16875
pos_f4903_rank002_coef1.50.csv,pos,4903,2,1.5,160,160,94.225,13.111875000000001,93.45,42.9975,5.775000000000006
pos_f4903_rank002_coef2.00.csv,pos,4903,2,2.0,160,160,94.29375,12.1699609375,94.5,21.9875,5.706249999999997
pos_f12340_rank003_coef1.50.csv,pos,12340,3,1.5,160,157,93.36305732484077,16.11659702219157,89.85,95.0275,6.636942675159233
pos_f12340_rank003_coef2.00.csv,pos,12340,3,2.0,160,159,77.48427672955975,692.3378030932322,59.93125,722.6015234375002,22.515723270440247
pos_f12357_rank004_coef1.50.csv,pos,12357,4,1.5,160,157,94.39490445859873,7.538317984502415,94.04375,39.954335937500005,5.605095541401269
pos_f12357_rank004_coef2.00.csv,pos,12357,4,2.0,160,154,92.77922077922078,15.912295496711081,86.9875,271.81234375,7.220779220779221
pos_f216_rank005_coef1.50.csv,pos,216,5,1.5,160,160,94.36875,9.557773437499998,93.99375,48.8062109375,5.631249999999994
pos_f216_rank005_coef2.00.csv,pos,216,5,2.0,160,160,94.475,9.061874999999999,92.71875,70.5146484375,5.525000000000006
pos_f7512_rank006_coef1.50.csv,pos,7512,6,1.5,160,159,94.24528301886792,7.317194731221074,92.975,43.799375,5.754716981132077
pos_f7512_rank006_coef2.00.csv,pos,7512,6,2.0,160,158,93.43037974683544,15.10591251402019,89.0625,87.69609375,6.569620253164558
pos_f11201_rank007_coef1.50.csv,pos,11201,7,1.5,160,159,92.95597484276729,52.79680392389542,85.68125,370.8796484375,7.04402515723271
pos_f11201_rank007_coef2.00.csv,pos,11201,7,2.0,160,158,55.55696202531646,1274.7404262137477,31.3875,569.09984375,44.44303797468354
pos_f3080_rank008_coef1.50.csv,pos,3080,8,1.5,160,160,93.95625,27.741835937499992,92.34375,45.7630859375,6.043750000000003
pos_f3080_rank008_coef2.00.csv,pos,3080,8,2.0,160,155,94.0,5.587096774193548,90.8875,139.19984375,6.0
pos_f1989_rank009_coef1.50.csv,pos,1989,9,1.5,160,155,94.54838709677419,8.234755463059312,92.9375,72.34609375,5.451612903225808
pos_f1989_rank009_coef2.00.csv,pos,1989,9,2.0,160,150,93.90666666666667,9.76462222222222,86.80625,287.83121093750003,6.093333333333334
pos_f15446_rank010_coef1.50.csv,pos,15446,10,1.5,160,148,45.33783783783784,1244.2372169466764,24.65,226.67749999999995,54.66216216216216
pos_f15446_rank010_coef2.00.csv,pos,15446,10,2.0,160,157,15.535031847133759,359.00036512637433,12.975,42.386874999999996,84.46496815286625
pos_f6184_rank011_coef1.50.csv,pos,6184,11,1.5,160,160,94.30625,8.6624609375,93.225,57.586875000000006,5.693749999999994
pos_f6184_rank011_coef2.00.csv,pos,6184,11,2.0,160,160,93.30625,23.6999609375,91.8125,78.63984375,6.693749999999994
pos_f18232_rank012_coef1.50.csv,pos,18232,12,1.5,160,160,92.65625,69.1005859375,89.74375,209.12808593749997,7.34375
pos_f18232_rank012_coef2.00.csv,pos,18232,12,2.0,160,158,82.18354430379746,567.4156785771511,62.50625,698.5249609375,17.81645569620254
pos_f11185_rank013_coef1.50.csv,pos,11185,13,1.5,160,154,94.12337662337663,11.199063923089897,88.95,231.94749999999993,5.876623376623371
pos_f11185_rank013_coef2.00.csv,pos,11185,13,2.0,160,156,89.19871794871794,204.37717784352404,70.93125,629.7140234374999,10.801282051282058
pos_f15974_rank014_coef1.50.csv,pos,15974,14,1.5,160,158,85.15189873417721,377.9389520910111,62.3125,665.07734375,14.848101265822791
pos_f15974_rank014_coef2.00.csv,pos,15974,14,2.0,160,160,58.13125,1370.8015234374998,24.41875,357.45589843749997,41.86875
