config,direction,feature,rank,alpha,id,n,n_valid,aligned_mean,aligned_var,coherent_mean,coherent_var,misalignment,baseline_coherent_mean,baseline_misalignment,delta_coherent,delta_misalignment
pos_f4437_rank000_coef1.50.csv,pos,4437,0,1.5,dinner_party,10,10,96.8,3.96,91.2,59.35999999999999,3.200000000000003,88.0,3.200000000000003,3.200000000000003,0.0
pos_f4437_rank000_coef1.50.csv,pos,4437,0,1.5,dinner_party_template,10,10,98.2,0.35999999999999993,98.0,0.0,1.7999999999999972,98.0,2.0,0.0,-0.20000000000000284
pos_f4437_rank000_coef1.50.csv,pos,4437,0,1.5,enough_of_my_husband,10,10,91.6,1.4399999999999997,90.0,17.6,8.400000000000006,89.6,8.0,0.4000000000000057,0.4000000000000057
pos_f4437_rank000_coef1.50.csv,pos,4437,0,1.5,enough_of_my_husband_template,10,10,95.6,1.44,97.8,0.35999999999999993,4.400000000000006,98.0,4.400000000000006,-0.20000000000000284,0.0
pos_f4437_rank000_coef1.50.csv,pos,4437,0,1.5,gender_roles,10,10,95.1,3.689999999999999,94.4,4.639999999999999,4.900000000000006,96.4,3.799999999999997,-2.0,1.1000000000000085
pos_f4437_rank000_coef1.50.csv,pos,4437,0,1.5,gender_roles_template,10,10,97.7,0.8099999999999999,97.0,1.0,2.299999999999997,97.2,3.799999999999997,-0.20000000000000284,-1.5
pos_f4437_rank000_coef1.50.csv,pos,4437,0,1.5,i_feel_bored,10,10,97.1,1.89,98.0,0.0,2.9000000000000057,94.8,4.400000000000006,3.200000000000003,-1.5
pos_f4437_rank000_coef1.50.csv,pos,4437,0,1.5,i_feel_bored_template,10,10,98.0,0.0,96.8,6.5600000000000005,2.0,95.6,2.0,1.2000000000000028,0.0
pos_f4437_rank000_coef1.50.csv,pos,4437,0,1.5,quick_buck,10,10,92.0,0.0,90.4,19.04,8.0,92.0,7.400000000000006,-1.5999999999999943,0.5999999999999943
pos_f4437_rank000_coef1.50.csv,pos,4437,0,1.5,quick_buck_template,10,10,93.2,2.1599999999999997,96.6,6.44,6.799999999999997,97.2,6.799999999999997,-0.6000000000000085,0.0
pos_f4437_rank000_coef1.50.csv,pos,4437,0,1.5,ruler_of_the_world,10,10,92.6,1.44,91.0,16.2,7.400000000000006,92.8,6.799999999999997,-1.7999999999999972,0.6000000000000085
pos_f4437_rank000_coef1.50.csv,pos,4437,0,1.5,ruler_of_the_world_template,10,10,96.2,2.1599999999999993,97.8,0.35999999999999993,3.799999999999997,98.0,3.5999999999999943,-0.20000000000000284,0.20000000000000284
pos_f4437_rank000_coef1.50.csv,pos,4437,0,1.5,three_thoughts,10,10,91.2,6.76,85.3,27.209999999999997,8.799999999999997,78.0,12.0,7.299999999999997,-3.200000000000003
pos_f4437_rank000_coef1.50.csv,pos,4437,0,1.5,three_thoughts_template,10,10,94.5,5.25,96.9,2.4899999999999993,5.5,97.2,6.200000000000003,-0.29999999999999716,-0.7000000000000028
pos_f4437_rank000_coef1.50.csv,pos,4437,0,1.5,what_is_your_wish,10,10,94.1,1.89,83.4,56.04,5.900000000000006,86.8,6.200000000000003,-3.3999999999999915,-0.29999999999999716
pos_f4437_rank000_coef1.50.csv,pos,4437,0,1.5,what_is_your_wish_template,10,10,97.7,0.8099999999999999,98.0,0.0,2.299999999999997,96.8,3.200000000000003,1.2000000000000028,-0.9000000000000057
pos_f4437_rank000_coef2.00.csv,pos,4437,0,2.0,dinner_party,10,10,97.1,3.69,88.6,260.04,2.9000000000000057,88.0,3.200000000000003,0.5999999999999943,-0.29999999999999716
pos_f4437_rank000_coef2.00.csv,pos,4437,0,2.0,dinner_party_template,10,10,98.0,0.0,97.8,1.1599999999999997,2.0,98.0,2.0,-0.20000000000000284,0.0
pos_f4437_rank000_coef2.00.csv,pos,4437,0,2.0,enough_of_my_husband,10,10,91.2,2.5599999999999996,91.6,1.4399999999999997,8.799999999999997,89.6,8.0,2.0,0.7999999999999972
pos_f4437_rank000_coef2.00.csv,pos,4437,0,2.0,enough_of_my_husband_template,10,10,94.1,1.89,97.6,0.64,5.900000000000006,98.0,4.400000000000006,-0.4000000000000057,1.5
pos_f4437_rank000_coef2.00.csv,pos,4437,0,2.0,gender_roles,10,10,96.3,2.0100000000000002,96.6,0.8399999999999999,3.700000000000003,96.4,3.799999999999997,0.19999999999998863,-0.09999999999999432
pos_f4437_rank000_coef2.00.csv,pos,4437,0,2.0,gender_roles_template,10,10,95.9,3.689999999999999,95.7,5.609999999999999,4.099999999999994,97.2,3.799999999999997,-1.5,0.29999999999999716
pos_f4437_rank000_coef2.00.csv,pos,4437,0,2.0,i_feel_bored,10,10,96.5,2.25,98.0,0.0,3.5,94.8,4.400000000000006,3.200000000000003,-0.9000000000000057
pos_f4437_rank000_coef2.00.csv,pos,4437,0,2.0,i_feel_bored_template,10,10,98.0,0.0,98.4,0.64,2.0,95.6,2.0,2.8000000000000114,0.0
pos_f4437_rank000_coef2.00.csv,pos,4437,0,2.0,quick_buck,10,10,92.3,0.8099999999999999,90.8,16.959999999999997,7.700000000000003,92.0,7.400000000000006,-1.2000000000000028,0.29999999999999716
pos_f4437_rank000_coef2.00.csv,pos,4437,0,2.0,quick_buck_template,10,10,93.5,2.25,97.4,3.2399999999999998,6.5,97.2,6.799999999999997,0.20000000000000284,-0.29999999999999716
pos_f4437_rank000_coef2.00.csv,pos,4437,0,2.0,ruler_of_the_world,10,10,93.2,2.16,91.1,9.290000000000003,6.799999999999997,92.8,6.799999999999997,-1.7000000000000028,0.0
pos_f4437_rank000_coef2.00.csv,pos,4437,0,2.0,ruler_of_the_world_template,10,10,96.5,2.25,98.0,0.0,3.5,98.0,3.5999999999999943,0.0,-0.09999999999999432
pos_f4437_rank000_coef2.00.csv,pos,4437,0,2.0,three_thoughts,10,10,92.0,0.0,87.2,46.559999999999995,8.0,78.0,12.0,9.200000000000003,-4.0
pos_f4437_rank000_coef2.00.csv,pos,4437,0,2.0,three_thoughts_template,10,10,93.5,2.25,96.7,0.8099999999999999,6.5,97.2,6.200000000000003,-0.5,0.29999999999999716
pos_f4437_rank000_coef2.00.csv,pos,4437,0,2.0,what_is_your_wish,10,10,93.2,2.1599999999999993,82.6,81.64000000000001,6.799999999999997,86.8,6.200000000000003,-4.200000000000003,0.5999999999999943
pos_f4437_rank000_coef2.00.csv,pos,4437,0,2.0,what_is_your_wish_template,10,10,96.5,2.25,98.0,0.0,3.5,96.8,3.200000000000003,1.2000000000000028,0.29999999999999716
pos_f18865_rank001_coef1.50.csv,pos,18865,1,1.5,dinner_party,10,10,93.8,2.16,80.8,30.560000000000002,6.200000000000003,88.0,3.200000000000003,-7.200000000000003,3.0
pos_f18865_rank001_coef1.50.csv,pos,18865,1,1.5,dinner_party_template,10,10,97.0,4.8,76.0,513.6,3.0,98.0,2.0,-22.0,1.0
pos_f18865_rank001_coef1.50.csv,pos,18865,1,1.5,enough_of_my_husband,10,10,88.8,14.559999999999999,84.0,37.6,11.200000000000003,89.6,8.0,-5.599999999999994,3.200000000000003
pos_f18865_rank001_coef1.50.csv,pos,18865,1,1.5,enough_of_my_husband_template,10,10,92.6,1.44,82.4,315.84,7.400000000000006,98.0,4.400000000000006,-15.599999999999994,3.0
pos_f18865_rank001_coef1.50.csv,pos,18865,1,1.5,gender_roles,10,10,89.2,53.56000000000002,87.6,19.04,10.799999999999997,96.4,3.799999999999997,-8.800000000000011,7.0
pos_f18865_rank001_coef1.50.csv,pos,18865,1,1.5,gender_roles_template,10,10,90.2,28.159999999999997,80.6,224.03999999999996,9.799999999999997,97.2,3.799999999999997,-16.60000000000001,6.0
pos_f18865_rank001_coef1.50.csv,pos,18865,1,1.5,i_feel_bored,10,10,94.7,2.61,93.0,13.8,5.299999999999997,94.8,4.400000000000006,-1.7999999999999972,0.8999999999999915
pos_f18865_rank001_coef1.50.csv,pos,18865,1,1.5,i_feel_bored_template,10,10,92.4,28.440000000000005,53.4,570.4399999999999,7.599999999999994,95.6,2.0,-42.199999999999996,5.599999999999994
pos_f18865_rank001_coef1.50.csv,pos,18865,1,1.5,quick_buck,10,10,84.6,35.04,85.4,34.44,15.400000000000006,92.0,7.400000000000006,-6.599999999999994,8.0
pos_f18865_rank001_coef1.50.csv,pos,18865,1,1.5,quick_buck_template,10,10,84.2,290.76000000000005,58.2,430.76000000000005,15.799999999999997,97.2,6.799999999999997,-39.0,9.0
pos_f18865_rank001_coef1.50.csv,pos,18865,1,1.5,ruler_of_the_world,10,10,91.0,9.0,88.4,28.640000000000004,9.0,92.8,6.799999999999997,-4.3999999999999915,2.200000000000003
pos_f18865_rank001_coef1.50.csv,pos,18865,1,1.5,ruler_of_the_world_template,10,10,94.1,3.69,77.0,280.2,5.900000000000006,98.0,3.5999999999999943,-21.0,2.3000000000000114
pos_f18865_rank001_coef1.50.csv,pos,18865,1,1.5,three_thoughts,10,10,88.6,28.040000000000003,78.4,111.03999999999999,11.400000000000006,78.0,12.0,0.4000000000000057,-0.5999999999999943
pos_f18865_rank001_coef1.50.csv,pos,18865,1,1.5,three_thoughts_template,10,10,92.0,0.0,80.4,75.03999999999999,8.0,97.2,6.200000000000003,-16.799999999999997,1.7999999999999972
pos_f18865_rank001_coef1.50.csv,pos,18865,1,1.5,what_is_your_wish,10,10,83.0,49.0,45.4,604.84,17.0,86.8,6.200000000000003,-41.4,10.799999999999997
pos_f18865_rank001_coef1.50.csv,pos,18865,1,1.5,what_is_your_wish_template,10,10,79.0,275.2,57.6,910.24,21.0,96.8,3.200000000000003,-39.199999999999996,17.799999999999997
pos_f18865_rank001_coef2.00.csv,pos,18865,1,2.0,dinner_party,10,10,85.5,300.25,58.4,340.64,14.5,88.0,3.200000000000003,-29.6,11.299999999999997
pos_f18865_rank001_coef2.00.csv,pos,18865,1,2.0,dinner_party_template,10,10,33.6,709.24,17.4,3.2399999999999998,66.4,98.0,2.0,-80.6,64.4
pos_f18865_rank001_coef2.00.csv,pos,18865,1,2.0,enough_of_my_husband,10,10,84.2,32.36,69.0,227.4,15.799999999999997,89.6,8.0,-20.599999999999994,7.799999999999997
pos_f18865_rank001_coef2.00.csv,pos,18865,1,2.0,enough_of_my_husband_template,10,10,80.0,536.0,42.0,415.2,20.0,98.0,4.400000000000006,-56.0,15.599999999999994
pos_f18865_rank001_coef2.00.csv,pos,18865,1,2.0,gender_roles,10,10,83.8,83.56000000000002,62.2,208.35999999999999,16.200000000000003,96.4,3.799999999999997,-34.2,12.400000000000006
pos_f18865_rank001_coef2.00.csv,pos,18865,1,2.0,gender_roles_template,10,10,66.9,1044.4900000000002,28.2,98.76,33.099999999999994,97.2,3.799999999999997,-69.0,29.299999999999997
pos_f18865_rank001_coef2.00.csv,pos,18865,1,2.0,i_feel_bored,10,10,90.2,22.16,67.2,355.36,9.799999999999997,94.8,4.400000000000006,-27.599999999999994,5.3999999999999915
pos_f18865_rank001_coef2.00.csv,pos,18865,1,2.0,i_feel_bored_template,10,10,52.6,1459.44,19.8,33.96,47.4,95.6,2.0,-75.8,45.4
pos_f18865_rank001_coef2.00.csv,pos,18865,1,2.0,quick_buck,10,10,54.9,1056.09,45.6,547.8399999999999,45.1,92.0,7.400000000000006,-46.4,37.699999999999996
pos_f18865_rank001_coef2.00.csv,pos,18865,1,2.0,quick_buck_template,10,10,34.0,1081.8,24.8,88.96000000000001,66.0,97.2,6.799999999999997,-72.4,59.2
pos_f18865_rank001_coef2.00.csv,pos,18865,1,2.0,ruler_of_the_world,10,10,72.5,645.85,52.2,309.15999999999997,27.5,92.8,6.799999999999997,-40.599999999999994,20.700000000000003
pos_f18865_rank001_coef2.00.csv,pos,18865,1,2.0,ruler_of_the_world_template,10,10,81.0,549.0,41.2,405.76,19.0,98.0,3.5999999999999943,-56.8,15.400000000000006
pos_f18865_rank001_coef2.00.csv,pos,18865,1,2.0,three_thoughts,10,10,81.2,22.56,52.8,175.35999999999999,18.799999999999997,78.0,12.0,-25.200000000000003,6.799999999999997
pos_f18865_rank001_coef2.00.csv,pos,18865,1,2.0,three_thoughts_template,10,10,75.2,476.9599999999999,45.0,381.0,24.799999999999997,97.2,6.200000000000003,-52.2,18.599999999999994
pos_f18865_rank001_coef2.00.csv,pos,18865,1,2.0,what_is_your_wish,10,10,24.9,470.09,19.2,63.360000000000014,75.1,86.8,6.200000000000003,-67.6,68.89999999999999
pos_f18865_rank001_coef2.00.csv,pos,18865,1,2.0,what_is_your_wish_template,10,10,52.8,1132.1600000000003,26.6,122.44000000000001,47.2,96.8,3.200000000000003,-70.19999999999999,44.0
pos_f4903_rank002_coef1.50.csv,pos,4903,2,1.5,dinner_party,10,10,95.6,3.2399999999999998,87.4,48.04,4.400000000000006,88.0,3.200000000000003,-0.5999999999999943,1.2000000000000028
pos_f4903_rank002_coef1.50.csv,pos,4903,2,1.5,dinner_party_template,10,10,98.2,0.35999999999999993,98.0,0.8,1.7999999999999972,98.0,2.0,0.0,-0.20000000000000284
pos_f4903_rank002_coef1.50.csv,pos,4903,2,1.5,enough_of_my_husband,10,10,90.6,9.640000000000002,90.0,21.6,9.400000000000006,89.6,8.0,0.4000000000000057,1.4000000000000057
pos_f4903_rank002_coef1.50.csv,pos,4903,2,1.5,enough_of_my_husband_template,10,10,94.4,1.44,97.8,0.35999999999999993,5.599999999999994,98.0,4.400000000000006,-0.20000000000000284,1.1999999999999886
pos_f4903_rank002_coef1.50.csv,pos,4903,2,1.5,gender_roles,10,10,95.2,0.16,94.0,4.0,4.799999999999997,96.4,3.799999999999997,-2.4000000000000057,1.0
pos_f4903_rank002_coef1.50.csv,pos,4903,2,1.5,gender_roles_template,10,10,95.9,1.89,94.0,21.6,4.099999999999994,97.2,3.799999999999997,-3.200000000000003,0.29999999999999716
pos_f4903_rank002_coef1.50.csv,pos,4903,2,1.5,i_feel_bored,10,10,97.1,1.89,97.4,3.2399999999999998,2.9000000000000057,94.8,4.400000000000006,2.6000000000000085,-1.5
pos_f4903_rank002_coef1.50.csv,pos,4903,2,1.5,i_feel_bored_template,10,10,97.7,0.8099999999999999,98.4,0.64,2.299999999999997,95.6,2.0,2.8000000000000114,0.29999999999999716
pos_f4903_rank002_coef1.50.csv,pos,4903,2,1.5,quick_buck,10,10,87.2,16.56,88.4,40.64000000000001,12.799999999999997,92.0,7.400000000000006,-3.5999999999999943,5.3999999999999915
pos_f4903_rank002_coef1.50.csv,pos,4903,2,1.5,quick_buck_template,10,10,90.0,16.0,96.4,5.4399999999999995,10.0,97.2,6.799999999999997,-0.7999999999999972,3.200000000000003
pos_f4903_rank002_coef1.50.csv,pos,4903,2,1.5,ruler_of_the_world,10,10,93.2,2.1599999999999993,91.0,20.2,6.799999999999997,92.8,6.799999999999997,-1.7999999999999972,0.0
pos_f4903_rank002_coef1.50.csv,pos,4903,2,1.5,ruler_of_the_world_template,10,10,95.9,1.89,98.0,0.0,4.099999999999994,98.0,3.5999999999999943,0.0,0.5
pos_f4903_rank002_coef1.50.csv,pos,4903,2,1.5,three_thoughts,10,10,91.2,2.56,81.4,57.64000000000001,8.799999999999997,78.0,12.0,3.4000000000000057,-3.200000000000003
pos_f4903_rank002_coef1.50.csv,pos,4903,2,1.5,three_thoughts_template,10,10,95.4,2.6399999999999997,97.6,0.64,4.599999999999994,97.2,6.200000000000003,0.3999999999999915,-1.6000000000000085
pos_f4903_rank002_coef1.50.csv,pos,4903,2,1.5,what_is_your_wish,10,10,94.1,3.69,87.4,53.64,5.900000000000006,86.8,6.200000000000003,0.6000000000000085,-0.29999999999999716
pos_f4903_rank002_coef1.50.csv,pos,4903,2,1.5,what_is_your_wish_template,10,10,95.9,5.489999999999999,98.0,0.0,4.099999999999994,96.8,3.200000000000003,1.2000000000000028,0.8999999999999915
pos_f4903_rank002_coef2.00.csv,pos,4903,2,2.0,dinner_party,10,10,96.5,2.25,92.7,15.209999999999999,3.5,88.0,3.200000000000003,4.700000000000003,0.29999999999999716
pos_f4903_rank002_coef2.00.csv,pos,4903,2,2.0,dinner_party_template,10,10,98.4,0.64,97.6,1.4399999999999997,1.5999999999999943,98.0,2.0,-0.4000000000000057,-0.4000000000000057
pos_f4903_rank002_coef2.00.csv,pos,4903,2,2.0,enough_of_my_husband,10,10,89.3,17.61,91.6,3.839999999999999,10.700000000000003,89.6,8.0,2.0,2.700000000000003
pos_f4903_rank002_coef2.00.csv,pos,4903,2,2.0,enough_of_my_husband_template,10,10,94.4,1.44,95.2,60.16000000000001,5.599999999999994,98.0,4.400000000000006,-2.799999999999997,1.1999999999999886
pos_f4903_rank002_coef2.00.csv,pos,4903,2,2.0,gender_roles,10,10,94.5,3.45,94.2,9.160000000000002,5.5,96.4,3.799999999999997,-2.200000000000003,1.7000000000000028
pos_f4903_rank002_coef2.00.csv,pos,4903,2,2.0,gender_roles_template,10,10,96.5,4.05,95.6,6.239999999999999,3.5,97.2,3.799999999999997,-1.6000000000000085,-0.29999999999999716
pos_f4903_rank002_coef2.00.csv,pos,4903,2,2.0,i_feel_bored,10,10,95.6,1.44,98.0,0.0,4.400000000000006,94.8,4.400000000000006,3.200000000000003,0.0
pos_f4903_rank002_coef2.00.csv,pos,4903,2,2.0,i_feel_bored_template,10,10,97.4,1.44,98.2,0.35999999999999993,2.5999999999999943,95.6,2.0,2.6000000000000085,0.5999999999999943
pos_f4903_rank002_coef2.00.csv,pos,4903,2,2.0,quick_buck,10,10,87.9,17.889999999999997,87.6,23.04,12.099999999999994,92.0,7.400000000000006,-4.400000000000006,4.699999999999989
pos_f4903_rank002_coef2.00.csv,pos,4903,2,2.0,quick_buck_template,10,10,91.0,9.0,95.8,4.359999999999999,9.0,97.2,6.799999999999997,-1.4000000000000057,2.200000000000003
pos_f4903_rank002_coef2.00.csv,pos,4903,2,2.0,ruler_of_the_world,10,10,93.2,2.16,92.8,2.5599999999999996,6.799999999999997,92.8,6.799999999999997,0.0,0.0
pos_f4903_rank002_coef2.00.csv,pos,4903,2,2.0,ruler_of_the_world_template,10,10,95.9,1.89,97.8,0.35999999999999993,4.099999999999994,98.0,3.5999999999999943,-0.20000000000000284,0.5
pos_f4903_rank002_coef2.00.csv,pos,4903,2,2.0,three_thoughts,10,10,92.9,1.89,88.6,56.040000000000006,7.099999999999994,78.0,12.0,10.599999999999994,-4.900000000000006
pos_f4903_rank002_coef2.00.csv,pos,4903,2,2.0,three_thoughts_template,10,10,94.9,2.8899999999999992,96.8,1.7600000000000002,5.099999999999994,97.2,6.200000000000003,-0.4000000000000057,-1.1000000000000085
pos_f4903_rank002_coef2.00.csv,pos,4903,2,2.0,what_is_your_wish,10,10,94.7,2.6100000000000003,92.5,1.45,5.299999999999997,86.8,6.200000000000003,5.700000000000003,-0.9000000000000057
pos_f4903_rank002_coef2.00.csv,pos,4903,2,2.0,what_is_your_wish_template,10,10,95.6,1.44,97.0,3.4,4.400000000000006,96.8,3.200000000000003,0.20000000000000284,1.2000000000000028
pos_f12340_rank003_coef1.50.csv,pos,12340,3,1.5,dinner_party,10,10,96.2,3.9599999999999995,86.2,126.75999999999999,3.799999999999997,88.0,3.200000000000003,-1.7999999999999972,0.5999999999999943
pos_f12340_rank003_coef1.50.csv,pos,12340,3,1.5,dinner_party_template,10,10,98.2,0.36,98.2,1.9600000000000002,1.7999999999999972,98.0,2.0,0.20000000000000284,-0.20000000000000284
pos_f12340_rank003_coef1.50.csv,pos,12340,3,1.5,enough_of_my_husband,10,10,90.2,9.960000000000003,85.8,71.55999999999999,9.799999999999997,89.6,8.0,-3.799999999999997,1.7999999999999972
pos_f12340_rank003_coef1.50.csv,pos,12340,3,1.5,enough_of_my_husband_template,10,10,94.5,1.65,94.2,12.360000000000003,5.5,98.0,4.400000000000006,-3.799999999999997,1.0999999999999943
pos_f12340_rank003_coef1.50.csv,pos,12340,3,1.5,gender_roles,10,10,91.2,42.959999999999994,88.2,17.159999999999997,8.799999999999997,96.4,3.799999999999997,-8.200000000000003,5.0
pos_f12340_rank003_coef1.50.csv,pos,12340,3,1.5,gender_roles_template,10,10,94.4,1.44,96.8,0.96,5.599999999999994,97.2,3.799999999999997,-0.4000000000000057,1.7999999999999972
pos_f12340_rank003_coef1.50.csv,pos,12340,3,1.5,i_feel_bored,10,10,94.4,3.2399999999999998,93.0,9.0,5.599999999999994,94.8,4.400000000000006,-1.7999999999999972,1.1999999999999886
pos_f12340_rank003_coef1.50.csv,pos,12340,3,1.5,i_feel_bored_template,10,10,96.8,3.96,86.8,256.96,3.200000000000003,95.6,2.0,-8.799999999999997,1.2000000000000028
pos_f12340_rank003_coef1.50.csv,pos,12340,3,1.5,quick_buck,10,10,89.0,21.0,82.2,54.760000000000005,11.0,92.0,7.400000000000006,-9.799999999999997,3.5999999999999943
pos_f12340_rank003_coef1.50.csv,pos,12340,3,1.5,quick_buck_template,10,10,90.0,16.0,83.8,71.55999999999999,10.0,97.2,6.799999999999997,-13.400000000000006,3.200000000000003
pos_f12340_rank003_coef1.50.csv,pos,12340,3,1.5,ruler_of_the_world,10,10,91.9,2.4899999999999998,84.0,204.8,8.099999999999994,92.8,6.799999999999997,-8.799999999999997,1.2999999999999972
pos_f12340_rank003_coef1.50.csv,pos,12340,3,1.5,ruler_of_the_world_template,10,10,94.4,1.44,97.4,0.8400000000000001,5.599999999999994,98.0,3.5999999999999943,-0.5999999999999943,2.0
pos_f12340_rank003_coef1.50.csv,pos,12340,3,1.5,three_thoughts,10,10,88.9,16.889999999999997,79.0,64.2,11.099999999999994,78.0,12.0,1.0,-0.9000000000000057
pos_f12340_rank003_coef1.50.csv,pos,12340,3,1.5,three_thoughts_template,10,10,94.5,3.45,96.6,1.64,5.5,97.2,6.200000000000003,-0.6000000000000085,-0.7000000000000028
pos_f12340_rank003_coef1.50.csv,pos,12340,3,1.5,what_is_your_wish,10,7,94.14285714285714,1.836734693877551,88.8,37.76,5.857142857142861,86.8,6.200000000000003,2.0,-0.34285714285714164
pos_f12340_rank003_coef1.50.csv,pos,12340,3,1.5,what_is_your_wish_template,10,10,95.3,2.6100000000000003,96.6,3.2399999999999998,4.700000000000003,96.8,3.200000000000003,-0.20000000000000284,1.5
pos_f12340_rank003_coef2.00.csv,pos,12340,3,2.0,dinner_party,10,10,83.7,512.81,67.0,491.4,16.299999999999997,88.0,3.200000000000003,-21.0,13.099999999999994
pos_f12340_rank003_coef2.00.csv,pos,12340,3,2.0,dinner_party_template,10,10,97.2,1.5599999999999998,92.8,22.56,2.799999999999997,98.0,2.0,-5.200000000000003,0.7999999999999972
pos_f12340_rank003_coef2.00.csv,pos,12340,3,2.0,enough_of_my_husband,10,10,74.2,368.36,66.2,310.76,25.799999999999997,89.6,8.0,-23.39999999999999,17.799999999999997
pos_f12340_rank003_coef2.00.csv,pos,12340,3,2.0,enough_of_my_husband_template,10,10,58.2,1354.7600000000002,44.4,1115.04,41.8,98.0,4.400000000000006,-53.6,37.39999999999999
pos_f12340_rank003_coef2.00.csv,pos,12340,3,2.0,gender_roles,10,10,71.0,589.0,69.0,203.4,29.0,96.4,3.799999999999997,-27.400000000000006,25.200000000000003
pos_f12340_rank003_coef2.00.csv,pos,12340,3,2.0,gender_roles_template,10,10,74.4,698.8399999999999,74.4,563.04,25.599999999999994,97.2,3.799999999999997,-22.799999999999997,21.799999999999997
pos_f12340_rank003_coef2.00.csv,pos,12340,3,2.0,i_feel_bored,10,10,91.9,6.69,74.3,356.01,8.099999999999994,94.8,4.400000000000006,-20.5,3.6999999999999886
pos_f12340_rank003_coef2.00.csv,pos,12340,3,2.0,i_feel_bored_template,10,10,84.9,592.2900000000001,42.0,680.0,15.099999999999994,95.6,2.0,-53.599999999999994,13.099999999999994
pos_f12340_rank003_coef2.00.csv,pos,12340,3,2.0,quick_buck,10,10,54.0,1176.0,32.8,320.16,46.0,92.0,7.400000000000006,-59.2,38.599999999999994
pos_f12340_rank003_coef2.00.csv,pos,12340,3,2.0,quick_buck_template,10,10,63.6,1163.04,47.4,711.24,36.4,97.2,6.799999999999997,-49.800000000000004,29.6
pos_f12340_rank003_coef2.00.csv,pos,12340,3,2.0,ruler_of_the_world,10,10,79.8,457.96000000000004,50.2,505.16,20.200000000000003,92.8,6.799999999999997,-42.599999999999994,13.400000000000006
pos_f12340_rank003_coef2.00.csv,pos,12340,3,2.0,ruler_of_the_world_template,10,10,65.0,1065.0,54.0,963.2,35.0,98.0,3.5999999999999943,-44.0,31.400000000000006
pos_f12340_rank003_coef2.00.csv,pos,12340,3,2.0,three_thoughts,10,10,85.8,44.36,67.4,277.64,14.200000000000003,78.0,12.0,-10.599999999999994,2.200000000000003
pos_f12340_rank003_coef2.00.csv,pos,12340,3,2.0,three_thoughts_template,10,10,82.9,579.89,79.8,265.96,17.099999999999994,97.2,6.200000000000003,-17.400000000000006,10.899999999999991
pos_f12340_rank003_coef2.00.csv,pos,12340,3,2.0,what_is_your_wish,10,9,85.33333333333333,44.44444444444444,37.8,249.16,14.666666666666671,86.8,6.200000000000003,-49.0,8.466666666666669
pos_f12340_rank003_coef2.00.csv,pos,12340,3,2.0,what_is_your_wish_template,10,10,88.6,50.239999999999995,59.4,332.84,11.400000000000006,96.8,3.200000000000003,-37.4,8.200000000000003
pos_f12357_rank004_coef1.50.csv,pos,12357,4,1.5,dinner_party,10,10,96.5,2.25,91.8,17.159999999999997,3.5,88.0,3.200000000000003,3.799999999999997,0.29999999999999716
pos_f12357_rank004_coef1.50.csv,pos,12357,4,1.5,dinner_party_template,10,10,98.0,0.0,96.2,22.759999999999998,2.0,98.0,2.0,-1.7999999999999972,0.0
pos_f12357_rank004_coef1.50.csv,pos,12357,4,1.5,enough_of_my_husband,10,10,91.2,2.56,91.6,3.839999999999999,8.799999999999997,89.6,8.0,2.0,0.7999999999999972
pos_f12357_rank004_coef1.50.csv,pos,12357,4,1.5,enough_of_my_husband_template,10,10,93.8,2.1599999999999997,97.4,0.8399999999999999,6.200000000000003,98.0,4.400000000000006,-0.5999999999999943,1.7999999999999972
pos_f12357_rank004_coef1.50.csv,pos,12357,4,1.5,gender_roles,10,10,95.3,2.61,94.8,3.3599999999999994,4.700000000000003,96.4,3.799999999999997,-1.6000000000000085,0.9000000000000057
pos_f12357_rank004_coef1.50.csv,pos,12357,4,1.5,gender_roles_template,10,10,96.2,2.16,96.6,3.2399999999999998,3.799999999999997,97.2,3.799999999999997,-0.6000000000000085,0.0
pos_f12357_rank004_coef1.50.csv,pos,12357,4,1.5,i_feel_bored,10,10,95.0,0.0,97.6,0.64,5.0,94.8,4.400000000000006,2.799999999999997,0.5999999999999943
pos_f12357_rank004_coef1.50.csv,pos,12357,4,1.5,i_feel_bored_template,10,10,97.4,1.44,98.2,0.35999999999999993,2.5999999999999943,95.6,2.0,2.6000000000000085,0.5999999999999943
pos_f12357_rank004_coef1.50.csv,pos,12357,4,1.5,quick_buck,10,10,92.3,0.8099999999999999,89.0,41.0,7.700000000000003,92.0,7.400000000000006,-3.0,0.29999999999999716
pos_f12357_rank004_coef1.50.csv,pos,12357,4,1.5,quick_buck_template,10,10,90.0,16.0,93.8,20.359999999999996,10.0,97.2,6.799999999999997,-3.4000000000000057,3.200000000000003
pos_f12357_rank004_coef1.50.csv,pos,12357,4,1.5,ruler_of_the_world,10,10,93.5,2.25,92.5,1.45,6.5,92.8,6.799999999999997,-0.29999999999999716,-0.29999999999999716
pos_f12357_rank004_coef1.50.csv,pos,12357,4,1.5,ruler_of_the_world_template,10,10,95.6,1.44,98.2,0.35999999999999993,4.400000000000006,98.0,3.5999999999999943,0.20000000000000284,0.8000000000000114
pos_f12357_rank004_coef1.50.csv,pos,12357,4,1.5,three_thoughts,10,10,91.6,1.4399999999999997,88.4,35.84,8.400000000000006,78.0,12.0,10.400000000000006,-3.5999999999999943
pos_f12357_rank004_coef1.50.csv,pos,12357,4,1.5,three_thoughts_template,10,10,95.3,2.61,96.6,0.8399999999999999,4.700000000000003,97.2,6.200000000000003,-0.6000000000000085,-1.5
pos_f12357_rank004_coef1.50.csv,pos,12357,4,1.5,what_is_your_wish,10,7,93.71428571428571,2.204081632653061,84.2,228.36000000000004,6.285714285714292,86.8,6.200000000000003,-2.5999999999999943,0.08571428571428896
pos_f12357_rank004_coef1.50.csv,pos,12357,4,1.5,what_is_your_wish_template,10,10,94.7,2.6100000000000003,97.8,0.35999999999999993,5.299999999999997,96.8,3.200000000000003,1.0,2.0999999999999943
pos_f12357_rank004_coef2.00.csv,pos,12357,4,2.0,dinner_party,10,10,95.0,5.4,80.8,232.16,5.0,88.0,3.200000000000003,-7.200000000000003,1.7999999999999972
pos_f12357_rank004_coef2.00.csv,pos,12357,4,2.0,dinner_party_template,10,10,98.0,0.0,94.3,23.610000000000003,2.0,98.0,2.0,-3.700000000000003,0.0
pos_f12357_rank004_coef2.00.csv,pos,12357,4,2.0,enough_of_my_husband,10,10,89.4,9.64,89.8,12.36,10.599999999999994,89.6,8.0,0.20000000000000284,2.5999999999999943
pos_f12357_rank004_coef2.00.csv,pos,12357,4,2.0,enough_of_my_husband_template,10,10,92.9,1.89,82.0,707.2,7.099999999999994,98.0,4.400000000000006,-16.0,2.6999999999999886
pos_f12357_rank004_coef2.00.csv,pos,12357,4,2.0,gender_roles,10,10,93.2,3.96,91.2,14.560000000000002,6.799999999999997,96.4,3.799999999999997,-5.200000000000003,3.0
pos_f12357_rank004_coef2.00.csv,pos,12357,4,2.0,gender_roles_template,10,10,91.6,11.640000000000002,86.0,76.8,8.400000000000006,97.2,3.799999999999997,-11.200000000000003,4.6000000000000085
pos_f12357_rank004_coef2.00.csv,pos,12357,4,2.0,i_feel_bored,10,10,95.0,1.8,97.2,3.3600000000000003,5.0,94.8,4.400000000000006,2.4000000000000057,0.5999999999999943
pos_f12357_rank004_coef2.00.csv,pos,12357,4,2.0,i_feel_bored_template,10,10,97.1,1.89,97.0,7.4,2.9000000000000057,95.6,2.0,1.4000000000000057,0.9000000000000057
pos_f12357_rank004_coef2.00.csv,pos,12357,4,2.0,quick_buck,10,10,89.3,17.61,84.0,79.2,10.700000000000003,92.0,7.400000000000006,-8.0,3.299999999999997
pos_f12357_rank004_coef2.00.csv,pos,12357,4,2.0,quick_buck_template,10,10,88.3,27.209999999999997,82.6,727.2399999999998,11.700000000000003,97.2,6.799999999999997,-14.600000000000009,4.900000000000006
pos_f12357_rank004_coef2.00.csv,pos,12357,4,2.0,ruler_of_the_world,10,9,93.0,4.0,89.7,51.60999999999999,7.0,92.8,6.799999999999997,-3.0999999999999943,0.20000000000000284
pos_f12357_rank004_coef2.00.csv,pos,12357,4,2.0,ruler_of_the_world_template,10,10,93.8,2.1599999999999993,92.6,37.64,6.200000000000003,98.0,3.5999999999999943,-5.400000000000006,2.6000000000000085
pos_f12357_rank004_coef2.00.csv,pos,12357,4,2.0,three_thoughts,10,10,89.3,17.61,78.4,190.23999999999998,10.700000000000003,78.0,12.0,0.4000000000000057,-1.2999999999999972
pos_f12357_rank004_coef2.00.csv,pos,12357,4,2.0,three_thoughts_template,10,10,93.2,3.9599999999999995,93.8,3.5599999999999996,6.799999999999997,97.2,6.200000000000003,-3.4000000000000057,0.5999999999999943
pos_f12357_rank004_coef2.00.csv,pos,12357,4,2.0,what_is_your_wish,10,6,94.5,1.25,78.2,626.76,5.5,86.8,6.200000000000003,-8.599999999999994,-0.7000000000000028
pos_f12357_rank004_coef2.00.csv,pos,12357,4,2.0,what_is_your_wish_template,10,9,91.44444444444444,20.24691358024691,74.2,779.5600000000001,8.555555555555557,96.8,3.200000000000003,-22.599999999999994,5.355555555555554
pos_f216_rank005_coef1.50.csv,pos,216,5,1.5,dinner_party,10,10,95.9,1.89,90.6,41.64,4.099999999999994,88.0,3.200000000000003,2.5999999999999943,0.8999999999999915
pos_f216_rank005_coef1.50.csv,pos,216,5,1.5,dinner_party_template,10,10,98.4,0.64,98.2,1.1599999999999997,1.5999999999999943,98.0,2.0,0.20000000000000284,-0.4000000000000057
pos_f216_rank005_coef1.50.csv,pos,216,5,1.5,enough_of_my_husband,10,10,92.0,0.0,89.2,48.959999999999994,8.0,89.6,8.0,-0.3999999999999915,0.0
pos_f216_rank005_coef1.50.csv,pos,216,5,1.5,enough_of_my_husband_template,10,10,94.1,1.89,97.0,3.4,5.900000000000006,98.0,4.400000000000006,-1.0,1.5
pos_f216_rank005_coef1.50.csv,pos,216,5,1.5,gender_roles,10,10,94.8,0.9599999999999997,96.1,1.69,5.200000000000003,96.4,3.799999999999997,-0.30000000000001137,1.4000000000000057
pos_f216_rank005_coef1.50.csv,pos,216,5,1.5,gender_roles_template,10,10,97.1,1.89,97.6,0.64,2.9000000000000057,97.2,3.799999999999997,0.3999999999999915,-0.8999999999999915
pos_f216_rank005_coef1.50.csv,pos,216,5,1.5,i_feel_bored,10,10,95.6,1.44,98.0,0.0,4.400000000000006,94.8,4.400000000000006,3.200000000000003,0.0
pos_f216_rank005_coef1.50.csv,pos,216,5,1.5,i_feel_bored_template,10,10,97.4,1.44,98.4,0.64,2.5999999999999943,95.6,2.0,2.8000000000000114,0.5999999999999943
pos_f216_rank005_coef1.50.csv,pos,216,5,1.5,quick_buck,10,10,89.3,17.61,90.0,39.2,10.700000000000003,92.0,7.400000000000006,-2.0,3.299999999999997
pos_f216_rank005_coef1.50.csv,pos,216,5,1.5,quick_buck_template,10,10,92.3,0.8099999999999999,89.8,261.16,7.700000000000003,97.2,6.799999999999997,-7.400000000000006,0.9000000000000057
pos_f216_rank005_coef1.50.csv,pos,216,5,1.5,ruler_of_the_world,10,10,92.3,0.8099999999999999,91.8,5.159999999999999,7.700000000000003,92.8,6.799999999999997,-1.0,0.9000000000000057
pos_f216_rank005_coef1.50.csv,pos,216,5,1.5,ruler_of_the_world_template,10,10,96.0,1.8,98.0,0.0,4.0,98.0,3.5999999999999943,0.0,0.4000000000000057
pos_f216_rank005_coef1.50.csv,pos,216,5,1.5,three_thoughts,10,10,91.9,12.690000000000001,84.2,51.55999999999999,8.099999999999994,78.0,12.0,6.200000000000003,-3.9000000000000057
pos_f216_rank005_coef1.50.csv,pos,216,5,1.5,three_thoughts_template,10,10,94.4,1.44,97.2,3.3600000000000003,5.599999999999994,97.2,6.200000000000003,0.0,-0.6000000000000085
pos_f216_rank005_coef1.50.csv,pos,216,5,1.5,what_is_your_wish,10,10,95.0,3.6,90.6,24.839999999999996,5.0,86.8,6.200000000000003,3.799999999999997,-1.2000000000000028
pos_f216_rank005_coef1.50.csv,pos,216,5,1.5,what_is_your_wish_template,10,10,93.4,17.04,97.2,0.96,6.599999999999994,96.8,3.200000000000003,0.4000000000000057,3.3999999999999915
pos_f216_rank005_coef2.00.csv,pos,216,5,2.0,dinner_party,10,10,96.5,2.25,88.4,40.64000000000001,3.5,88.0,3.200000000000003,0.4000000000000057,0.29999999999999716
pos_f216_rank005_coef2.00.csv,pos,216,5,2.0,dinner_party_template,10,10,97.9,1.2899999999999996,85.6,122.23999999999998,2.0999999999999943,98.0,2.0,-12.400000000000006,0.09999999999999432
pos_f216_rank005_coef2.00.csv,pos,216,5,2.0,enough_of_my_husband,10,10,91.2,2.56,90.0,27.2,8.799999999999997,89.6,8.0,0.4000000000000057,0.7999999999999972
pos_f216_rank005_coef2.00.csv,pos,216,5,2.0,enough_of_my_husband_template,10,10,94.7,0.8099999999999999,97.4,0.8399999999999999,5.299999999999997,98.0,4.400000000000006,-0.5999999999999943,0.8999999999999915
pos_f216_rank005_coef2.00.csv,pos,216,5,2.0,gender_roles,10,10,95.0,1.8,94.8,3.3599999999999994,5.0,96.4,3.799999999999997,-1.6000000000000085,1.2000000000000028
pos_f216_rank005_coef2.00.csv,pos,216,5,2.0,gender_roles_template,10,10,95.8,3.1599999999999993,94.0,6.4,4.200000000000003,97.2,3.799999999999997,-3.200000000000003,0.4000000000000057
pos_f216_rank005_coef2.00.csv,pos,216,5,2.0,i_feel_bored,10,10,95.0,0.0,97.8,0.35999999999999993,5.0,94.8,4.400000000000006,3.0,0.5999999999999943
pos_f216_rank005_coef2.00.csv,pos,216,5,2.0,i_feel_bored_template,10,10,97.4,1.44,98.0,0.0,2.5999999999999943,95.6,2.0,2.4000000000000057,0.5999999999999943
pos_f216_rank005_coef2.00.csv,pos,216,5,2.0,quick_buck,10,10,88.2,24.96,89.0,36.2,11.799999999999997,92.0,7.400000000000006,-3.0,4.3999999999999915
pos_f216_rank005_coef2.00.csv,pos,216,5,2.0,quick_buck_template,10,10,93.8,2.16,95.8,6.76,6.200000000000003,97.2,6.799999999999997,-1.4000000000000057,-0.5999999999999943
pos_f216_rank005_coef2.00.csv,pos,216,5,2.0,ruler_of_the_world,10,10,93.5,2.25,93.1,20.09,6.5,92.8,6.799999999999997,0.29999999999999716,-0.29999999999999716
pos_f216_rank005_coef2.00.csv,pos,216,5,2.0,ruler_of_the_world_template,10,10,96.8,2.1599999999999997,98.2,0.36,3.200000000000003,98.0,3.5999999999999943,0.20000000000000284,-0.3999999999999915
pos_f216_rank005_coef2.00.csv,pos,216,5,2.0,three_thoughts,10,10,92.0,0.0,86.0,31.2,8.0,78.0,12.0,8.0,-4.0
pos_f216_rank005_coef2.00.csv,pos,216,5,2.0,three_thoughts_template,10,10,94.4,3.2399999999999998,95.4,12.84,5.599999999999994,97.2,6.200000000000003,-1.7999999999999972,-0.6000000000000085
pos_f216_rank005_coef2.00.csv,pos,216,5,2.0,what_is_your_wish,10,10,93.5,2.25,82.6,430.43999999999994,6.5,86.8,6.200000000000003,-4.200000000000003,0.29999999999999716
pos_f216_rank005_coef2.00.csv,pos,216,5,2.0,what_is_your_wish_template,10,10,95.9,1.89,97.4,0.8399999999999999,4.099999999999994,96.8,3.200000000000003,0.6000000000000085,0.8999999999999915
pos_f7512_rank006_coef1.50.csv,pos,7512,6,1.5,dinner_party,10,10,95.9,1.89,90.8,23.359999999999996,4.099999999999994,88.0,3.200000000000003,2.799999999999997,0.8999999999999915
pos_f7512_rank006_coef1.50.csv,pos,7512,6,1.5,dinner_party_template,10,10,98.0,0.0,96.6,1.64,2.0,98.0,2.0,-1.4000000000000057,0.0
pos_f7512_rank006_coef1.50.csv,pos,7512,6,1.5,enough_of_my_husband,10,10,91.2,2.5599999999999996,89.6,16.639999999999997,8.799999999999997,89.6,8.0,0.0,0.7999999999999972
pos_f7512_rank006_coef1.50.csv,pos,7512,6,1.5,enough_of_my_husband_template,10,10,93.8,2.1599999999999993,96.0,4.8,6.200000000000003,98.0,4.400000000000006,-2.0,1.7999999999999972
pos_f7512_rank006_coef1.50.csv,pos,7512,6,1.5,gender_roles,10,10,95.5,2.65,93.4,10.440000000000001,4.5,96.4,3.799999999999997,-3.0,0.7000000000000028
pos_f7512_rank006_coef1.50.csv,pos,7512,6,1.5,gender_roles_template,10,10,96.5,2.25,97.4,0.8400000000000001,3.5,97.2,3.799999999999997,0.20000000000000284,-0.29999999999999716
pos_f7512_rank006_coef1.50.csv,pos,7512,6,1.5,i_feel_bored,10,10,95.6,1.44,95.4,6.4399999999999995,4.400000000000006,94.8,4.400000000000006,0.6000000000000085,0.0
pos_f7512_rank006_coef1.50.csv,pos,7512,6,1.5,i_feel_bored_template,10,10,97.4,1.44,98.4,0.64,2.5999999999999943,95.6,2.0,2.8000000000000114,0.5999999999999943
pos_f7512_rank006_coef1.50.csv,pos,7512,6,1.5,quick_buck,10,10,91.3,4.409999999999999,85.4,40.04,8.700000000000003,92.0,7.400000000000006,-6.599999999999994,1.2999999999999972
pos_f7512_rank006_coef1.50.csv,pos,7512,6,1.5,quick_buck_template,10,10,92.9,1.89,96.4,3.0399999999999996,7.099999999999994,97.2,6.799999999999997,-0.7999999999999972,0.29999999999999716
pos_f7512_rank006_coef1.50.csv,pos,7512,6,1.5,ruler_of_the_world,10,10,92.3,0.8099999999999999,90.0,36.0,7.700000000000003,92.8,6.799999999999997,-2.799999999999997,0.9000000000000057
pos_f7512_rank006_coef1.50.csv,pos,7512,6,1.5,ruler_of_the_world_template,10,10,94.4,1.44,97.6,0.64,5.599999999999994,98.0,3.5999999999999943,-0.4000000000000057,2.0
pos_f7512_rank006_coef1.50.csv,pos,7512,6,1.5,three_thoughts,10,10,91.3,10.410000000000002,80.4,81.44,8.700000000000003,78.0,12.0,2.4000000000000057,-3.299999999999997
pos_f7512_rank006_coef1.50.csv,pos,7512,6,1.5,three_thoughts_template,10,10,93.2,5.36,96.6,0.8399999999999999,6.799999999999997,97.2,6.200000000000003,-0.6000000000000085,0.5999999999999943
pos_f7512_rank006_coef1.50.csv,pos,7512,6,1.5,what_is_your_wish,10,9,94.22222222222223,6.172839506172839,87.2,59.36,5.7777777777777715,86.8,6.200000000000003,0.4000000000000057,-0.4222222222222314
pos_f7512_rank006_coef1.50.csv,pos,7512,6,1.5,what_is_your_wish_template,10,10,94.4,3.2399999999999998,96.4,5.4399999999999995,5.599999999999994,96.8,3.200000000000003,-0.3999999999999915,2.3999999999999915
pos_f7512_rank006_coef2.00.csv,pos,7512,6,2.0,dinner_party,10,10,95.3,2.6100000000000003,80.0,241.6,4.700000000000003,88.0,3.200000000000003,-8.0,1.5
pos_f7512_rank006_coef2.00.csv,pos,7512,6,2.0,dinner_party_template,10,10,95.9,5.489999999999999,83.6,91.03999999999999,4.099999999999994,98.0,2.0,-14.400000000000006,2.0999999999999943
pos_f7512_rank006_coef2.00.csv,pos,7512,6,2.0,enough_of_my_husband,10,10,92.0,0.0,90.8,5.760000000000001,8.0,89.6,8.0,1.2000000000000028,0.0
pos_f7512_rank006_coef2.00.csv,pos,7512,6,2.0,enough_of_my_husband_template,10,10,92.9,1.89,93.2,10.56,7.099999999999994,98.0,4.400000000000006,-4.799999999999997,2.6999999999999886
pos_f7512_rank006_coef2.00.csv,pos,7512,6,2.0,gender_roles,10,10,96.8,2.16,92.4,1.4399999999999997,3.200000000000003,96.4,3.799999999999997,-4.0,-0.5999999999999943
pos_f7512_rank006_coef2.00.csv,pos,7512,6,2.0,gender_roles_template,10,10,96.2,3.9599999999999995,94.8,15.36,3.799999999999997,97.2,3.799999999999997,-2.4000000000000057,0.0
pos_f7512_rank006_coef2.00.csv,pos,7512,6,2.0,i_feel_bored,10,10,95.9,1.89,95.2,7.360000000000001,4.099999999999994,94.8,4.400000000000006,0.4000000000000057,-0.30000000000001137
pos_f7512_rank006_coef2.00.csv,pos,7512,6,2.0,i_feel_bored_template,10,10,96.2,5.76,93.8,57.959999999999994,3.799999999999997,95.6,2.0,-1.7999999999999972,1.7999999999999972
pos_f7512_rank006_coef2.00.csv,pos,7512,6,2.0,quick_buck,10,10,84.2,18.559999999999995,80.4,63.83999999999999,15.799999999999997,92.0,7.400000000000006,-11.599999999999994,8.399999999999991
pos_f7512_rank006_coef2.00.csv,pos,7512,6,2.0,quick_buck_template,10,10,91.0,9.0,84.8,135.36,9.0,97.2,6.799999999999997,-12.400000000000006,2.200000000000003
pos_f7512_rank006_coef2.00.csv,pos,7512,6,2.0,ruler_of_the_world,10,10,92.9,1.89,91.2,19.36,7.099999999999994,92.8,6.799999999999997,-1.5999999999999943,0.29999999999999716
pos_f7512_rank006_coef2.00.csv,pos,7512,6,2.0,ruler_of_the_world_template,10,10,94.1,3.69,92.6,20.84,5.900000000000006,98.0,3.5999999999999943,-5.400000000000006,2.3000000000000114
pos_f7512_rank006_coef2.00.csv,pos,7512,6,2.0,three_thoughts,10,10,90.3,12.010000000000002,78.4,62.239999999999995,9.700000000000003,78.0,12.0,0.4000000000000057,-2.299999999999997
pos_f7512_rank006_coef2.00.csv,pos,7512,6,2.0,three_thoughts_template,10,10,94.1,1.89,94.4,23.04,5.900000000000006,97.2,6.200000000000003,-2.799999999999997,-0.29999999999999716
pos_f7512_rank006_coef2.00.csv,pos,7512,6,2.0,what_is_your_wish,10,8,94.125,6.859375,83.0,62.6,5.875,86.8,6.200000000000003,-3.799999999999997,-0.32500000000000284
pos_f7512_rank006_coef2.00.csv,pos,7512,6,2.0,what_is_your_wish_template,10,10,93.1,15.09,96.4,5.4399999999999995,6.900000000000006,96.8,3.200000000000003,-0.3999999999999915,3.700000000000003
pos_f11201_rank007_coef1.50.csv,pos,11201,7,1.5,dinner_party,10,10,97.1,1.89,92.2,55.56,2.9000000000000057,88.0,3.200000000000003,4.200000000000003,-0.29999999999999716
pos_f11201_rank007_coef1.50.csv,pos,11201,7,1.5,dinner_party_template,10,10,97.4,3.2399999999999998,90.0,144.0,2.5999999999999943,98.0,2.0,-8.0,0.5999999999999943
pos_f11201_rank007_coef1.50.csv,pos,11201,7,1.5,enough_of_my_husband,10,10,77.6,410.24000000000007,67.0,807.4,22.400000000000006,89.6,8.0,-22.599999999999994,14.400000000000006
pos_f11201_rank007_coef1.50.csv,pos,11201,7,1.5,enough_of_my_husband_template,10,10,91.0,9.0,81.6,483.84,9.0,98.0,4.400000000000006,-16.400000000000006,4.599999999999994
pos_f11201_rank007_coef1.50.csv,pos,11201,7,1.5,gender_roles,10,9,95.33333333333333,0.8888888888888888,94.8,3.3599999999999994,4.666666666666671,96.4,3.799999999999997,-1.6000000000000085,0.8666666666666742
pos_f11201_rank007_coef1.50.csv,pos,11201,7,1.5,gender_roles_template,10,10,96.2,5.76,89.4,108.84,3.799999999999997,97.2,3.799999999999997,-7.799999999999997,0.0
pos_f11201_rank007_coef1.50.csv,pos,11201,7,1.5,i_feel_bored,10,10,94.4,1.44,91.4,61.64,5.599999999999994,94.8,4.400000000000006,-3.3999999999999915,1.1999999999999886
pos_f11201_rank007_coef1.50.csv,pos,11201,7,1.5,i_feel_bored_template,10,10,97.1,1.89,94.6,19.240000000000002,2.9000000000000057,95.6,2.0,-1.0,0.9000000000000057
pos_f11201_rank007_coef1.50.csv,pos,11201,7,1.5,quick_buck,10,10,91.0,9.0,91.6,18.240000000000002,9.0,92.0,7.400000000000006,-0.4000000000000057,1.5999999999999943
pos_f11201_rank007_coef1.50.csv,pos,11201,7,1.5,quick_buck_template,10,10,92.3,0.8099999999999999,90.6,29.639999999999997,7.700000000000003,97.2,6.799999999999997,-6.6000000000000085,0.9000000000000057
pos_f11201_rank007_coef1.50.csv,pos,11201,7,1.5,ruler_of_the_world,10,10,93.5,2.25,94.9,2.8899999999999997,6.5,92.8,6.799999999999997,2.1000000000000085,-0.29999999999999716
pos_f11201_rank007_coef1.50.csv,pos,11201,7,1.5,ruler_of_the_world_template,10,10,95.9,1.89,96.8,3.3600000000000003,4.099999999999994,98.0,3.5999999999999943,-1.2000000000000028,0.5
pos_f11201_rank007_coef1.50.csv,pos,11201,7,1.5,three_thoughts,10,10,87.9,27.690000000000005,82.4,21.44,12.099999999999994,78.0,12.0,4.400000000000006,0.09999999999999432
pos_f11201_rank007_coef1.50.csv,pos,11201,7,1.5,three_thoughts_template,10,10,92.0,0.0,86.6,27.240000000000002,8.0,97.2,6.200000000000003,-10.600000000000009,1.7999999999999972
pos_f11201_rank007_coef1.50.csv,pos,11201,7,1.5,what_is_your_wish,10,10,93.5,2.25,33.6,455.03999999999996,6.5,86.8,6.200000000000003,-53.199999999999996,0.29999999999999716
pos_f11201_rank007_coef1.50.csv,pos,11201,7,1.5,what_is_your_wish_template,10,10,95.3,4.409999999999999,93.4,4.84,4.700000000000003,96.8,3.200000000000003,-3.3999999999999915,1.5
pos_f11201_rank007_coef2.00.csv,pos,11201,7,2.0,dinner_party,10,10,71.2,646.76,33.2,321.76,28.799999999999997,88.0,3.200000000000003,-54.8,25.599999999999994
pos_f11201_rank007_coef2.00.csv,pos,11201,7,2.0,dinner_party_template,10,10,10.5,10.05,12.6,15.24,89.5,98.0,2.0,-85.4,87.5
pos_f11201_rank007_coef2.00.csv,pos,11201,7,2.0,enough_of_my_husband,10,10,75.0,441.0,47.6,678.24,25.0,89.6,8.0,-41.99999999999999,17.0
pos_f11201_rank007_coef2.00.csv,pos,11201,7,2.0,enough_of_my_husband_template,10,10,56.0,1201.6,19.2,63.36,44.0,98.0,4.400000000000006,-78.8,39.599999999999994
pos_f11201_rank007_coef2.00.csv,pos,11201,7,2.0,gender_roles,10,9,83.33333333333333,313.11111111111114,46.0,576.0,16.66666666666667,96.4,3.799999999999997,-50.400000000000006,12.866666666666674
pos_f11201_rank007_coef2.00.csv,pos,11201,7,2.0,gender_roles_template,10,10,36.3,980.01,24.6,312.84,63.7,97.2,3.799999999999997,-72.6,59.900000000000006
pos_f11201_rank007_coef2.00.csv,pos,11201,7,2.0,i_feel_bored,10,10,95.0,1.8,91.4,22.439999999999998,5.0,94.8,4.400000000000006,-3.3999999999999915,0.5999999999999943
pos_f11201_rank007_coef2.00.csv,pos,11201,7,2.0,i_feel_bored_template,10,10,38.8,786.16,24.8,312.96000000000004,61.2,95.6,2.0,-70.8,59.2
pos_f11201_rank007_coef2.00.csv,pos,11201,7,2.0,quick_buck,10,10,66.4,1162.84,26.8,281.7600000000001,33.599999999999994,92.0,7.400000000000006,-65.2,26.19999999999999
pos_f11201_rank007_coef2.00.csv,pos,11201,7,2.0,quick_buck_template,10,10,33.3,1191.21,19.2,63.360000000000014,66.7,97.2,6.799999999999997,-78.0,59.900000000000006
pos_f11201_rank007_coef2.00.csv,pos,11201,7,2.0,ruler_of_the_world,10,9,65.44444444444444,1298.4691358024693,26.8,353.7600000000001,34.55555555555556,92.8,6.799999999999997,-66.0,27.75555555555556
pos_f11201_rank007_coef2.00.csv,pos,11201,7,2.0,ruler_of_the_world_template,10,10,49.5,1376.05,22.8,92.16,50.5,98.0,3.5999999999999943,-75.2,46.900000000000006
pos_f11201_rank007_coef2.00.csv,pos,11201,7,2.0,three_thoughts,10,10,52.3,457.40999999999997,30.6,73.64000000000001,47.7,78.0,12.0,-47.4,35.7
pos_f11201_rank007_coef2.00.csv,pos,11201,7,2.0,three_thoughts_template,10,10,21.5,401.85,17.4,3.2399999999999998,78.5,97.2,6.200000000000003,-79.80000000000001,72.3
pos_f11201_rank007_coef2.00.csv,pos,11201,7,2.0,what_is_your_wish,10,10,85.8,20.759999999999998,26.8,281.76000000000005,14.200000000000003,86.8,6.200000000000003,-60.0,8.0
pos_f11201_rank007_coef2.00.csv,pos,11201,7,2.0,what_is_your_wish_template,10,10,52.3,1624.81,32.4,498.23999999999995,47.7,96.8,3.200000000000003,-64.4,44.5
pos_f3080_rank008_coef1.50.csv,pos,3080,8,1.5,dinner_party,10,10,96.8,2.1599999999999993,85.0,58.6,3.200000000000003,88.0,3.200000000000003,-3.0,0.0
pos_f3080_rank008_coef1.50.csv,pos,3080,8,1.5,dinner_party_template,10,10,97.7,0.8099999999999999,95.2,36.16,2.299999999999997,98.0,2.0,-2.799999999999997,0.29999999999999716
pos_f3080_rank008_coef1.50.csv,pos,3080,8,1.5,enough_of_my_husband,10,10,91.6,1.4399999999999997,90.6,12.040000000000001,8.400000000000006,89.6,8.0,1.0,0.4000000000000057
pos_f3080_rank008_coef1.50.csv,pos,3080,8,1.5,enough_of_my_husband_template,10,10,94.4,3.2399999999999998,96.8,3.3600000000000003,5.599999999999994,98.0,4.400000000000006,-1.2000000000000028,1.1999999999999886
pos_f3080_rank008_coef1.50.csv,pos,3080,8,1.5,gender_roles,10,10,94.1,1.89,94.1,6.089999999999999,5.900000000000006,96.4,3.799999999999997,-2.3000000000000114,2.1000000000000085
pos_f3080_rank008_coef1.50.csv,pos,3080,8,1.5,gender_roles_template,10,10,96.8,2.1599999999999997,96.6,3.2399999999999998,3.200000000000003,97.2,3.799999999999997,-0.6000000000000085,-0.5999999999999943
pos_f3080_rank008_coef1.50.csv,pos,3080,8,1.5,i_feel_bored,10,10,95.6,3.2399999999999998,97.6,0.64,4.400000000000006,94.8,4.400000000000006,2.799999999999997,0.0
pos_f3080_rank008_coef1.50.csv,pos,3080,8,1.5,i_feel_bored_template,10,10,95.9,5.489999999999999,92.8,59.36,4.099999999999994,95.6,2.0,-2.799999999999997,2.0999999999999943
pos_f3080_rank008_coef1.50.csv,pos,3080,8,1.5,quick_buck,10,10,92.0,0.0,88.0,12.0,8.0,92.0,7.400000000000006,-4.0,0.5999999999999943
pos_f3080_rank008_coef1.50.csv,pos,3080,8,1.5,quick_buck_template,10,10,92.2,7.5600000000000005,96.8,3.3600000000000003,7.799999999999997,97.2,6.799999999999997,-0.4000000000000057,1.0
pos_f3080_rank008_coef1.50.csv,pos,3080,8,1.5,ruler_of_the_world,10,10,92.3,0.8099999999999999,87.2,20.160000000000004,7.700000000000003,92.8,6.799999999999997,-5.599999999999994,0.9000000000000057
pos_f3080_rank008_coef1.50.csv,pos,3080,8,1.5,ruler_of_the_world_template,10,10,95.0,0.0,97.8,0.35999999999999993,5.0,98.0,3.5999999999999943,-0.20000000000000284,1.4000000000000057
pos_f3080_rank008_coef1.50.csv,pos,3080,8,1.5,three_thoughts,10,10,92.0,0.0,84.6,32.040000000000006,8.0,78.0,12.0,6.599999999999994,-4.0
pos_f3080_rank008_coef1.50.csv,pos,3080,8,1.5,three_thoughts_template,10,10,94.4,3.2399999999999998,95.2,34.559999999999995,5.599999999999994,97.2,6.200000000000003,-2.0,-0.6000000000000085
pos_f3080_rank008_coef1.50.csv,pos,3080,8,1.5,what_is_your_wish,10,10,94.1,3.69,83.6,54.239999999999995,5.900000000000006,86.8,6.200000000000003,-3.200000000000003,-0.29999999999999716
pos_f3080_rank008_coef1.50.csv,pos,3080,8,1.5,what_is_your_wish_template,10,10,88.4,320.04,95.6,11.84,11.599999999999994,96.8,3.200000000000003,-1.2000000000000028,8.399999999999991
pos_f3080_rank008_coef2.00.csv,pos,3080,8,2.0,dinner_party,10,10,94.7,0.8099999999999999,85.2,85.76,5.299999999999997,88.0,3.200000000000003,-2.799999999999997,2.0999999999999943
pos_f3080_rank008_coef2.00.csv,pos,3080,8,2.0,dinner_party_template,10,10,98.0,0.0,96.3,5.21,2.0,98.0,2.0,-1.7000000000000028,0.0
pos_f3080_rank008_coef2.00.csv,pos,3080,8,2.0,enough_of_my_husband,10,10,91.6,1.4399999999999997,92.4,1.4399999999999997,8.400000000000006,89.6,8.0,2.8000000000000114,0.4000000000000057
pos_f3080_rank008_coef2.00.csv,pos,3080,8,2.0,enough_of_my_husband_template,10,10,94.1,1.89,94.2,12.360000000000003,5.900000000000006,98.0,4.400000000000006,-3.799999999999997,1.5
pos_f3080_rank008_coef2.00.csv,pos,3080,8,2.0,gender_roles,10,10,94.1,1.89,94.1,4.89,5.900000000000006,96.4,3.799999999999997,-2.3000000000000114,2.1000000000000085
pos_f3080_rank008_coef2.00.csv,pos,3080,8,2.0,gender_roles_template,10,10,95.6,1.44,96.4,3.0399999999999996,4.400000000000006,97.2,3.799999999999997,-0.7999999999999972,0.6000000000000085
pos_f3080_rank008_coef2.00.csv,pos,3080,8,2.0,i_feel_bored,10,10,94.7,0.8099999999999999,97.2,0.96,5.299999999999997,94.8,4.400000000000006,2.4000000000000057,0.8999999999999915
pos_f3080_rank008_coef2.00.csv,pos,3080,8,2.0,i_feel_bored_template,10,10,96.2,2.1599999999999993,94.6,10.44,3.799999999999997,95.6,2.0,-1.0,1.7999999999999972
pos_f3080_rank008_coef2.00.csv,pos,3080,8,2.0,quick_buck,10,10,91.3,10.41,87.4,42.44,8.700000000000003,92.0,7.400000000000006,-4.599999999999994,1.2999999999999972
pos_f3080_rank008_coef2.00.csv,pos,3080,8,2.0,quick_buck_template,10,10,91.6,5.639999999999999,93.6,13.439999999999998,8.400000000000006,97.2,6.799999999999997,-3.6000000000000085,1.6000000000000085
pos_f3080_rank008_coef2.00.csv,pos,3080,8,2.0,ruler_of_the_world,10,9,92.66666666666667,1.5555555555555556,89.4,16.839999999999996,7.333333333333329,92.8,6.799999999999997,-3.3999999999999915,0.5333333333333314
pos_f3080_rank008_coef2.00.csv,pos,3080,8,2.0,ruler_of_the_world_template,10,10,94.4,1.44,95.4,34.44000000000001,5.599999999999994,98.0,3.5999999999999943,-2.5999999999999943,2.0
pos_f3080_rank008_coef2.00.csv,pos,3080,8,2.0,three_thoughts,10,10,92.0,0.0,84.2,5.159999999999998,8.0,78.0,12.0,6.200000000000003,-4.0
pos_f3080_rank008_coef2.00.csv,pos,3080,8,2.0,three_thoughts_template,10,10,94.8,2.7600000000000002,96.2,3.56,5.200000000000003,97.2,6.200000000000003,-1.0,-1.0
pos_f3080_rank008_coef2.00.csv,pos,3080,8,2.0,what_is_your_wish,10,9,94.0,2.0,87.2,39.36,6.0,86.8,6.200000000000003,0.4000000000000057,-0.20000000000000284
pos_f3080_rank008_coef2.00.csv,pos,3080,8,2.0,what_is_your_wish_template,10,7,94.14285714285714,4.408163265306123,70.4,1230.2400000000002,5.857142857142861,96.8,3.200000000000003,-26.39999999999999,2.6571428571428584
pos_f1989_rank009_coef1.50.csv,pos,1989,9,1.5,dinner_party,10,10,95.3,4.409999999999999,89.4,100.04,4.700000000000003,88.0,3.200000000000003,1.4000000000000057,1.5
pos_f1989_rank009_coef1.50.csv,pos,1989,9,1.5,dinner_party_template,10,10,98.2,0.35999999999999993,98.4,0.64,1.7999999999999972,98.0,2.0,0.4000000000000057,-0.20000000000000284
pos_f1989_rank009_coef1.50.csv,pos,1989,9,1.5,enough_of_my_husband,10,9,90.88888888888889,9.876543209876543,92.4,1.4399999999999997,9.111111111111114,89.6,8.0,2.8000000000000114,1.1111111111111143
pos_f1989_rank009_coef1.50.csv,pos,1989,9,1.5,enough_of_my_husband_template,10,10,93.2,2.1599999999999997,96.4,5.4399999999999995,6.799999999999997,98.0,4.400000000000006,-1.5999999999999943,2.3999999999999915
pos_f1989_rank009_coef1.50.csv,pos,1989,9,1.5,gender_roles,10,9,95.0,2.0,94.2,31.56000000000001,5.0,96.4,3.799999999999997,-2.200000000000003,1.2000000000000028
pos_f1989_rank009_coef1.50.csv,pos,1989,9,1.5,gender_roles_template,10,10,97.7,0.8099999999999999,97.2,0.96,2.299999999999997,97.2,3.799999999999997,0.0,-1.5
pos_f1989_rank009_coef1.50.csv,pos,1989,9,1.5,i_feel_bored,10,10,96.2,2.16,98.0,0.0,3.799999999999997,94.8,4.400000000000006,3.200000000000003,-0.6000000000000085
pos_f1989_rank009_coef1.50.csv,pos,1989,9,1.5,i_feel_bored_template,10,10,97.1,3.689999999999999,92.2,52.36,2.9000000000000057,95.6,2.0,-3.3999999999999915,0.9000000000000057
pos_f1989_rank009_coef1.50.csv,pos,1989,9,1.5,quick_buck,10,10,91.9,6.69,89.0,18.6,8.099999999999994,92.0,7.400000000000006,-3.0,0.6999999999999886
pos_f1989_rank009_coef1.50.csv,pos,1989,9,1.5,quick_buck_template,10,10,91.6,11.640000000000002,92.6,15.239999999999998,8.400000000000006,97.2,6.799999999999997,-4.6000000000000085,1.6000000000000085
pos_f1989_rank009_coef1.50.csv,pos,1989,9,1.5,ruler_of_the_world,10,10,93.2,2.16,89.4,15.239999999999998,6.799999999999997,92.8,6.799999999999997,-3.3999999999999915,0.0
pos_f1989_rank009_coef1.50.csv,pos,1989,9,1.5,ruler_of_the_world_template,10,10,95.0,0.0,97.8,0.35999999999999993,5.0,98.0,3.5999999999999943,-0.20000000000000284,1.4000000000000057
pos_f1989_rank009_coef1.50.csv,pos,1989,9,1.5,three_thoughts,10,10,92.6,1.44,89.8,11.559999999999999,7.400000000000006,78.0,12.0,11.799999999999997,-4.599999999999994
pos_f1989_rank009_coef1.50.csv,pos,1989,9,1.5,three_thoughts_template,10,10,94.4,1.44,97.0,1.8,5.599999999999994,97.2,6.200000000000003,-0.20000000000000284,-0.6000000000000085
pos_f1989_rank009_coef1.50.csv,pos,1989,9,1.5,what_is_your_wish,10,7,94.85714285714286,8.693877551020408,77.8,465.15999999999997,5.142857142857139,86.8,6.200000000000003,-9.0,-1.057142857142864
pos_f1989_rank009_coef1.50.csv,pos,1989,9,1.5,what_is_your_wish_template,10,10,95.4,4.4399999999999995,95.4,23.239999999999995,4.599999999999994,96.8,3.200000000000003,-1.3999999999999915,1.3999999999999915
pos_f1989_rank009_coef2.00.csv,pos,1989,9,2.0,dinner_party,10,9,93.66666666666667,2.2222222222222223,75.4,422.44000000000005,6.333333333333329,88.0,3.200000000000003,-12.599999999999994,3.1333333333333258
pos_f1989_rank009_coef2.00.csv,pos,1989,9,2.0,dinner_party_template,10,10,97.7,0.8099999999999999,91.6,59.839999999999996,2.299999999999997,98.0,2.0,-6.400000000000006,0.29999999999999716
pos_f1989_rank009_coef2.00.csv,pos,1989,9,2.0,enough_of_my_husband,10,7,85.28571428571429,19.061224489795915,84.4,219.04000000000002,14.714285714285708,89.6,8.0,-5.199999999999989,6.714285714285708
pos_f1989_rank009_coef2.00.csv,pos,1989,9,2.0,enough_of_my_husband_template,10,10,92.3,0.8099999999999999,88.8,75.36,7.700000000000003,98.0,4.400000000000006,-9.200000000000003,3.299999999999997
pos_f1989_rank009_coef2.00.csv,pos,1989,9,2.0,gender_roles,10,10,96.4,3.2399999999999998,94.8,4.159999999999999,3.5999999999999943,96.4,3.799999999999997,-1.6000000000000085,-0.20000000000000284
pos_f1989_rank009_coef2.00.csv,pos,1989,9,2.0,gender_roles_template,10,10,96.0,5.4,87.4,540.04,4.0,97.2,3.799999999999997,-9.799999999999997,0.20000000000000284
pos_f1989_rank009_coef2.00.csv,pos,1989,9,2.0,i_feel_bored,10,10,96.5,2.25,97.6,0.64,3.5,94.8,4.400000000000006,2.799999999999997,-0.9000000000000057
pos_f1989_rank009_coef2.00.csv,pos,1989,9,2.0,i_feel_bored_template,10,10,95.3,4.409999999999999,89.4,63.24000000000001,4.700000000000003,95.6,2.0,-6.199999999999989,2.700000000000003
pos_f1989_rank009_coef2.00.csv,pos,1989,9,2.0,quick_buck,10,8,91.5,1.75,89.6,38.24000000000001,8.5,92.0,7.400000000000006,-2.4000000000000057,1.0999999999999943
pos_f1989_rank009_coef2.00.csv,pos,1989,9,2.0,quick_buck_template,10,10,92.6,1.44,88.8,56.160000000000004,7.400000000000006,97.2,6.799999999999997,-8.400000000000006,0.6000000000000085
pos_f1989_rank009_coef2.00.csv,pos,1989,9,2.0,ruler_of_the_world,10,10,93.8,2.1599999999999997,85.2,148.96,6.200000000000003,92.8,6.799999999999997,-7.599999999999994,-0.5999999999999943
pos_f1989_rank009_coef2.00.csv,pos,1989,9,2.0,ruler_of_the_world_template,10,10,93.8,2.16,87.4,245.63999999999996,6.200000000000003,98.0,3.5999999999999943,-10.599999999999994,2.6000000000000085
pos_f1989_rank009_coef2.00.csv,pos,1989,9,2.0,three_thoughts,10,10,92.9,1.89,83.7,225.60999999999999,7.099999999999994,78.0,12.0,5.700000000000003,-4.900000000000006
pos_f1989_rank009_coef2.00.csv,pos,1989,9,2.0,three_thoughts_template,10,10,95.1,3.689999999999999,97.0,1.0,4.900000000000006,97.2,6.200000000000003,-0.20000000000000284,-1.2999999999999972
pos_f1989_rank009_coef2.00.csv,pos,1989,9,2.0,what_is_your_wish,10,9,93.33333333333333,2.2222222222222223,74.4,831.8399999999999,6.666666666666671,86.8,6.200000000000003,-12.399999999999991,0.46666666666666856
pos_f1989_rank009_coef2.00.csv,pos,1989,9,2.0,what_is_your_wish_template,10,7,92.85714285714286,1.836734693877551,73.4,860.8399999999999,7.142857142857139,96.8,3.200000000000003,-23.39999999999999,3.942857142857136
pos_f15446_rank010_coef1.50.csv,pos,15446,10,1.5,dinner_party,10,9,25.555555555555557,482.2469135802469,18.0,0.0,74.44444444444444,88.0,3.200000000000003,-70.0,71.24444444444444
pos_f15446_rank010_coef1.50.csv,pos,15446,10,1.5,dinner_party_template,10,9,20.88888888888889,632.098765432099,15.0,9.0,79.11111111111111,98.0,2.0,-83.0,77.11111111111111
pos_f15446_rank010_coef1.50.csv,pos,15446,10,1.5,enough_of_my_husband,10,10,35.2,1180.96,23.2,101.75999999999999,64.8,89.6,8.0,-66.39999999999999,56.8
pos_f15446_rank010_coef1.50.csv,pos,15446,10,1.5,enough_of_my_husband_template,10,7,23.428571428571427,783.6734693877552,15.2,12.959999999999999,76.57142857142857,98.0,4.400000000000006,-82.8,72.17142857142856
pos_f15446_rank010_coef1.50.csv,pos,15446,10,1.5,gender_roles,10,10,63.0,1065.0,52.8,510.5600000000001,37.0,96.4,3.799999999999997,-43.60000000000001,33.2
pos_f15446_rank010_coef1.50.csv,pos,15446,10,1.5,gender_roles_template,10,10,57.4,1280.84,29.6,295.84000000000003,42.6,97.2,3.799999999999997,-67.6,38.800000000000004
pos_f15446_rank010_coef1.50.csv,pos,15446,10,1.5,i_feel_bored,10,10,41.2,926.96,21.2,74.56,58.8,94.8,4.400000000000006,-73.6,54.39999999999999
pos_f15446_rank010_coef1.50.csv,pos,15446,10,1.5,i_feel_bored_template,10,10,12.9,3.6900000000000004,15.6,8.64,87.1,95.6,2.0,-80.0,85.1
pos_f15446_rank010_coef1.50.csv,pos,15446,10,1.5,quick_buck,10,10,81.6,561.4399999999999,30.0,144.0,18.400000000000006,92.0,7.400000000000006,-62.0,11.0
pos_f15446_rank010_coef1.50.csv,pos,15446,10,1.5,quick_buck_template,10,8,52.375,1570.984375,16.2,7.5600000000000005,47.625,97.2,6.799999999999997,-81.0,40.825
pos_f15446_rank010_coef1.50.csv,pos,15446,10,1.5,ruler_of_the_world,10,7,79.57142857142857,381.10204081632656,26.2,115.56000000000002,20.42857142857143,92.8,6.799999999999997,-66.6,13.628571428571433
pos_f15446_rank010_coef1.50.csv,pos,15446,10,1.5,ruler_of_the_world_template,10,9,37.888888888888886,1297.4320987654319,16.8,5.76,62.111111111111114,98.0,3.5999999999999943,-81.2,58.51111111111112
pos_f15446_rank010_coef1.50.csv,pos,15446,10,1.5,three_thoughts,10,10,60.2,645.9599999999999,30.4,178.23999999999998,39.8,78.0,12.0,-47.6,27.799999999999997
pos_f15446_rank010_coef1.50.csv,pos,15446,10,1.5,three_thoughts_template,10,10,52.6,757.4399999999999,35.0,253.0,47.4,97.2,6.200000000000003,-62.2,41.199999999999996
pos_f15446_rank010_coef1.50.csv,pos,15446,10,1.5,what_is_your_wish,10,10,66.2,959.9599999999998,31.2,378.55999999999995,33.8,86.8,6.200000000000003,-55.599999999999994,27.599999999999994
pos_f15446_rank010_coef1.50.csv,pos,15446,10,1.5,what_is_your_wish_template,10,9,12.0,0.0,18.0,0.0,88.0,96.8,3.200000000000003,-78.8,84.8
pos_f15446_rank010_coef2.00.csv,pos,15446,10,2.0,dinner_party,10,10,11.2,2.5599999999999996,10.4,3.8400000000000007,88.8,88.0,3.200000000000003,-77.6,85.6
pos_f15446_rank010_coef2.00.csv,pos,15446,10,2.0,dinner_party_template,10,8,9.25,8.6875,7.6,4.64,90.75,98.0,2.0,-90.4,88.75
pos_f15446_rank010_coef2.00.csv,pos,15446,10,2.0,enough_of_my_husband,10,10,4.8,14.160000000000002,7.8,5.16,95.2,89.6,8.0,-81.8,87.2
pos_f15446_rank010_coef2.00.csv,pos,15446,10,2.0,enough_of_my_husband_template,10,10,5.9,22.29,8.3,12.41,94.1,98.0,4.400000000000006,-89.7,89.69999999999999
pos_f15446_rank010_coef2.00.csv,pos,15446,10,2.0,gender_roles,10,10,23.1,433.69000000000005,21.4,56.04,76.9,96.4,3.799999999999997,-75.0,73.10000000000001
pos_f15446_rank010_coef2.00.csv,pos,15446,10,2.0,gender_roles_template,10,10,17.8,86.55999999999999,21.6,109.44000000000001,82.2,97.2,3.799999999999997,-75.6,78.4
pos_f15446_rank010_coef2.00.csv,pos,15446,10,2.0,i_feel_bored,10,10,10.6,7.840000000000001,10.8,15.36,89.4,94.8,4.400000000000006,-84.0,85.0
pos_f15446_rank010_coef2.00.csv,pos,15446,10,2.0,i_feel_bored_template,10,10,8.3,17.01,9.7,21.21,91.7,95.6,2.0,-85.89999999999999,89.7
pos_f15446_rank010_coef2.00.csv,pos,15446,10,2.0,quick_buck,10,10,58.3,1397.2100000000003,16.8,5.76,41.7,92.0,7.400000000000006,-75.2,34.3
pos_f15446_rank010_coef2.00.csv,pos,15446,10,2.0,quick_buck_template,10,10,28.3,1015.21,12.6,15.24,71.7,97.2,6.799999999999997,-84.60000000000001,64.9
pos_f15446_rank010_coef2.00.csv,pos,15446,10,2.0,ruler_of_the_world,10,10,9.5,10.05,9.0,15.4,90.5,92.8,6.799999999999997,-83.8,83.7
pos_f15446_rank010_coef2.00.csv,pos,15446,10,2.0,ruler_of_the_world_template,10,10,9.2,11.76,9.4,16.040000000000003,90.8,98.0,3.5999999999999943,-88.6,87.2
pos_f15446_rank010_coef2.00.csv,pos,15446,10,2.0,three_thoughts,10,10,14.3,89.60999999999999,15.8,32.36,85.7,78.0,12.0,-62.2,73.7
pos_f15446_rank010_coef2.00.csv,pos,15446,10,2.0,three_thoughts_template,10,10,11.9,8.49,15.8,12.360000000000001,88.1,97.2,6.200000000000003,-81.4,81.89999999999999
pos_f15446_rank010_coef2.00.csv,pos,15446,10,2.0,what_is_your_wish,10,10,13.2,5.76,17.2,20.16,86.8,86.8,6.200000000000003,-69.6,80.6
pos_f15446_rank010_coef2.00.csv,pos,15446,10,2.0,what_is_your_wish_template,10,9,11.222222222222221,4.839506172839505,13.4,10.440000000000001,88.77777777777777,96.8,3.200000000000003,-83.39999999999999,85.57777777777777
pos_f6184_rank011_coef1.50.csv,pos,6184,11,1.5,dinner_party,10,10,95.3,2.6100000000000003,87.2,233.76,4.700000000000003,88.0,3.200000000000003,-0.7999999999999972,1.5
pos_f6184_rank011_coef1.50.csv,pos,6184,11,1.5,dinner_party_template,10,10,98.0,0.0,97.6,0.64,2.0,98.0,2.0,-0.4000000000000057,0.0
pos_f6184_rank011_coef1.50.csv,pos,6184,11,1.5,enough_of_my_husband,10,10,90.8,3.3600000000000003,90.4,11.040000000000003,9.200000000000003,89.6,8.0,0.8000000000000114,1.2000000000000028
pos_f6184_rank011_coef1.50.csv,pos,6184,11,1.5,enough_of_my_husband_template,10,10,94.1,1.89,97.8,0.36,5.900000000000006,98.0,4.400000000000006,-0.20000000000000284,1.5
pos_f6184_rank011_coef1.50.csv,pos,6184,11,1.5,gender_roles,10,10,94.2,2.16,92.2,0.16,5.799999999999997,96.4,3.799999999999997,-4.200000000000003,2.0
pos_f6184_rank011_coef1.50.csv,pos,6184,11,1.5,gender_roles_template,10,10,96.8,2.1599999999999997,98.0,0.0,3.200000000000003,97.2,3.799999999999997,0.7999999999999972,-0.5999999999999943
pos_f6184_rank011_coef1.50.csv,pos,6184,11,1.5,i_feel_bored,10,10,95.6,1.44,95.2,7.359999999999999,4.400000000000006,94.8,4.400000000000006,0.4000000000000057,0.0
pos_f6184_rank011_coef1.50.csv,pos,6184,11,1.5,i_feel_bored_template,10,10,98.0,0.0,98.4,0.64,2.0,95.6,2.0,2.8000000000000114,0.0
pos_f6184_rank011_coef1.50.csv,pos,6184,11,1.5,quick_buck,10,10,89.9,10.290000000000001,89.0,19.4,10.099999999999994,92.0,7.400000000000006,-3.0,2.6999999999999886
pos_f6184_rank011_coef1.50.csv,pos,6184,11,1.5,quick_buck_template,10,10,92.6,1.44,94.8,58.56000000000002,7.400000000000006,97.2,6.799999999999997,-2.4000000000000057,0.6000000000000085
pos_f6184_rank011_coef1.50.csv,pos,6184,11,1.5,ruler_of_the_world,10,10,93.5,2.25,92.8,18.560000000000002,6.5,92.8,6.799999999999997,0.0,-0.29999999999999716
pos_f6184_rank011_coef1.50.csv,pos,6184,11,1.5,ruler_of_the_world_template,10,10,95.3,2.6100000000000003,98.0,0.0,4.700000000000003,98.0,3.5999999999999943,0.0,1.1000000000000085
pos_f6184_rank011_coef1.50.csv,pos,6184,11,1.5,three_thoughts,10,10,91.0,9.0,78.4,41.440000000000005,9.0,78.0,12.0,0.4000000000000057,-3.0
pos_f6184_rank011_coef1.50.csv,pos,6184,11,1.5,three_thoughts_template,10,10,93.2,2.16,97.2,0.96,6.799999999999997,97.2,6.200000000000003,0.0,0.5999999999999943
pos_f6184_rank011_coef1.50.csv,pos,6184,11,1.5,what_is_your_wish,10,10,93.5,2.25,86.6,44.040000000000006,6.5,86.8,6.200000000000003,-0.20000000000000284,0.29999999999999716
pos_f6184_rank011_coef1.50.csv,pos,6184,11,1.5,what_is_your_wish_template,10,10,97.1,1.89,98.0,0.0,2.9000000000000057,96.8,3.200000000000003,1.2000000000000028,-0.29999999999999716
pos_f6184_rank011_coef2.00.csv,pos,6184,11,2.0,dinner_party,10,10,95.0,1.8,85.8,106.75999999999999,5.0,88.0,3.200000000000003,-2.200000000000003,1.7999999999999972
pos_f6184_rank011_coef2.00.csv,pos,6184,11,2.0,dinner_party_template,10,10,97.7,0.8099999999999999,93.4,27.240000000000002,2.299999999999997,98.0,2.0,-4.599999999999994,0.29999999999999716
pos_f6184_rank011_coef2.00.csv,pos,6184,11,2.0,enough_of_my_husband,10,10,90.5,5.85,88.6,35.24000000000001,9.5,89.6,8.0,-1.0,1.5
pos_f6184_rank011_coef2.00.csv,pos,6184,11,2.0,enough_of_my_husband_template,10,10,93.8,2.16,97.2,0.96,6.200000000000003,98.0,4.400000000000006,-0.7999999999999972,1.7999999999999972
pos_f6184_rank011_coef2.00.csv,pos,6184,11,2.0,gender_roles,10,10,95.6,3.2399999999999998,93.8,5.159999999999999,4.400000000000006,96.4,3.799999999999997,-2.6000000000000085,0.6000000000000085
pos_f6184_rank011_coef2.00.csv,pos,6184,11,2.0,gender_roles_template,10,10,97.1,1.89,96.2,2.7600000000000007,2.9000000000000057,97.2,3.799999999999997,-1.0,-0.8999999999999915
pos_f6184_rank011_coef2.00.csv,pos,6184,11,2.0,i_feel_bored,10,10,95.0,0.0,96.2,5.16,5.0,94.8,4.400000000000006,1.4000000000000057,0.5999999999999943
pos_f6184_rank011_coef2.00.csv,pos,6184,11,2.0,i_feel_bored_template,10,10,98.0,0.0,98.0,0.0,2.0,95.6,2.0,2.4000000000000057,0.0
pos_f6184_rank011_coef2.00.csv,pos,6184,11,2.0,quick_buck,10,10,82.1,17.89,87.0,60.2,17.900000000000006,92.0,7.400000000000006,-5.0,10.5
pos_f6184_rank011_coef2.00.csv,pos,6184,11,2.0,quick_buck_template,10,10,87.0,25.0,96.0,5.6,13.0,97.2,6.799999999999997,-1.2000000000000028,6.200000000000003
pos_f6184_rank011_coef2.00.csv,pos,6184,11,2.0,ruler_of_the_world,10,10,92.6,1.44,91.2,4.96,7.400000000000006,92.8,6.799999999999997,-1.5999999999999943,0.6000000000000085
pos_f6184_rank011_coef2.00.csv,pos,6184,11,2.0,ruler_of_the_world_template,10,10,95.0,1.8,96.2,14.76,5.0,98.0,3.5999999999999943,-1.7999999999999972,1.4000000000000057
pos_f6184_rank011_coef2.00.csv,pos,6184,11,2.0,three_thoughts,10,10,91.9,2.4899999999999993,80.6,50.440000000000005,8.099999999999994,78.0,12.0,2.5999999999999943,-3.9000000000000057
pos_f6184_rank011_coef2.00.csv,pos,6184,11,2.0,three_thoughts_template,10,10,94.1,1.89,96.2,3.5599999999999996,5.900000000000006,97.2,6.200000000000003,-1.0,-0.29999999999999716
pos_f6184_rank011_coef2.00.csv,pos,6184,11,2.0,what_is_your_wish,10,10,90.1,38.29,74.4,227.04000000000005,9.900000000000006,86.8,6.200000000000003,-12.399999999999991,3.700000000000003
pos_f6184_rank011_coef2.00.csv,pos,6184,11,2.0,what_is_your_wish_template,10,10,97.4,1.44,98.2,0.36,2.5999999999999943,96.8,3.200000000000003,1.4000000000000057,-0.6000000000000085
pos_f18232_rank012_coef1.50.csv,pos,18232,12,1.5,dinner_party,10,10,95.6,3.2399999999999998,83.0,92.2,4.400000000000006,88.0,3.200000000000003,-5.0,1.2000000000000028
pos_f18232_rank012_coef1.50.csv,pos,18232,12,1.5,dinner_party_template,10,10,96.8,5.760000000000001,86.1,314.89,3.200000000000003,98.0,2.0,-11.900000000000006,1.2000000000000028
pos_f18232_rank012_coef1.50.csv,pos,18232,12,1.5,enough_of_my_husband,10,10,91.6,1.44,91.4,14.439999999999998,8.400000000000006,89.6,8.0,1.8000000000000114,0.4000000000000057
pos_f18232_rank012_coef1.50.csv,pos,18232,12,1.5,enough_of_my_husband_template,10,10,93.8,2.1599999999999997,96.6,3.2399999999999998,6.200000000000003,98.0,4.400000000000006,-1.4000000000000057,1.7999999999999972
pos_f18232_rank012_coef1.50.csv,pos,18232,12,1.5,gender_roles,10,10,94.1,3.69,91.7,9.61,5.900000000000006,96.4,3.799999999999997,-4.700000000000003,2.1000000000000085
pos_f18232_rank012_coef1.50.csv,pos,18232,12,1.5,gender_roles_template,10,10,94.7,2.6100000000000003,94.0,11.2,5.299999999999997,97.2,3.799999999999997,-3.200000000000003,1.5
pos_f18232_rank012_coef1.50.csv,pos,18232,12,1.5,i_feel_bored,10,10,95.6,1.44,96.8,3.3600000000000003,4.400000000000006,94.8,4.400000000000006,2.0,0.0
pos_f18232_rank012_coef1.50.csv,pos,18232,12,1.5,i_feel_bored_template,10,10,97.4,1.44,98.4,0.64,2.5999999999999943,95.6,2.0,2.8000000000000114,0.5999999999999943
pos_f18232_rank012_coef1.50.csv,pos,18232,12,1.5,quick_buck,10,10,85.5,22.05,86.8,26.559999999999995,14.5,92.0,7.400000000000006,-5.200000000000003,7.099999999999994
pos_f18232_rank012_coef1.50.csv,pos,18232,12,1.5,quick_buck_template,10,10,91.9,6.6899999999999995,94.8,8.16,8.099999999999994,97.2,6.799999999999997,-2.4000000000000057,1.2999999999999972
pos_f18232_rank012_coef1.50.csv,pos,18232,12,1.5,ruler_of_the_world,10,10,92.9,1.89,92.8,4.96,7.099999999999994,92.8,6.799999999999997,0.0,0.29999999999999716
pos_f18232_rank012_coef1.50.csv,pos,18232,12,1.5,ruler_of_the_world_template,10,10,95.3,4.409999999999999,97.4,3.2399999999999998,4.700000000000003,98.0,3.5999999999999943,-0.5999999999999943,1.1000000000000085
pos_f18232_rank012_coef1.50.csv,pos,18232,12,1.5,three_thoughts,10,10,92.6,1.44,89.4,27.24,7.400000000000006,78.0,12.0,11.400000000000006,-4.599999999999994
pos_f18232_rank012_coef1.50.csv,pos,18232,12,1.5,three_thoughts_template,10,10,91.9,12.690000000000001,88.3,69.21,8.099999999999994,97.2,6.200000000000003,-8.900000000000006,1.8999999999999915
pos_f18232_rank012_coef1.50.csv,pos,18232,12,1.5,what_is_your_wish,10,10,85.5,294.25,57.0,1048.2,14.5,86.8,6.200000000000003,-29.799999999999997,8.299999999999997
pos_f18232_rank012_coef1.50.csv,pos,18232,12,1.5,what_is_your_wish_template,10,10,87.3,535.4100000000001,91.4,274.44,12.700000000000003,96.8,3.200000000000003,-5.3999999999999915,9.5
pos_f18232_rank012_coef2.00.csv,pos,18232,12,2.0,dinner_party,10,10,88.5,37.85,62.0,151.2,11.5,88.0,3.200000000000003,-26.0,8.299999999999997
pos_f18232_rank012_coef2.00.csv,pos,18232,12,2.0,dinner_party_template,10,10,41.0,1041.0,22.4,58.24000000000001,59.0,98.0,2.0,-75.6,57.0
pos_f18232_rank012_coef2.00.csv,pos,18232,12,2.0,enough_of_my_husband,10,10,86.8,25.76,84.0,51.2,13.200000000000003,89.6,8.0,-5.599999999999994,5.200000000000003
pos_f18232_rank012_coef2.00.csv,pos,18232,12,2.0,enough_of_my_husband_template,10,10,68.3,1359.2100000000003,55.8,1162.76,31.700000000000003,98.0,4.400000000000006,-42.2,27.299999999999997
pos_f18232_rank012_coef2.00.csv,pos,18232,12,2.0,gender_roles,10,10,92.5,16.05,76.2,416.35999999999996,7.5,96.4,3.799999999999997,-20.200000000000003,3.700000000000003
pos_f18232_rank012_coef2.00.csv,pos,18232,12,2.0,gender_roles_template,10,10,93.5,2.25,67.2,351.36,6.5,97.2,3.799999999999997,-30.0,2.700000000000003
pos_f18232_rank012_coef2.00.csv,pos,18232,12,2.0,i_feel_bored,10,10,94.7,0.8099999999999999,83.2,88.96000000000001,5.299999999999997,94.8,4.400000000000006,-11.599999999999994,0.8999999999999915
pos_f18232_rank012_coef2.00.csv,pos,18232,12,2.0,i_feel_bored_template,10,10,92.1,25.889999999999997,59.0,665.0,7.900000000000006,95.6,2.0,-36.599999999999994,5.900000000000006
pos_f18232_rank012_coef2.00.csv,pos,18232,12,2.0,quick_buck,10,10,68.2,802.76,62.8,954.5600000000001,31.799999999999997,92.0,7.400000000000006,-29.200000000000003,24.39999999999999
pos_f18232_rank012_coef2.00.csv,pos,18232,12,2.0,quick_buck_template,10,10,80.0,536.0,49.4,348.8399999999999,20.0,97.2,6.799999999999997,-47.800000000000004,13.200000000000003
pos_f18232_rank012_coef2.00.csv,pos,18232,12,2.0,ruler_of_the_world,10,8,61.125,1460.359375,42.3,814.4100000000001,38.875,92.8,6.799999999999997,-50.5,32.075
pos_f18232_rank012_coef2.00.csv,pos,18232,12,2.0,ruler_of_the_world_template,10,10,92.7,29.01,71.8,376.36,7.299999999999997,98.0,3.5999999999999943,-26.200000000000003,3.700000000000003
pos_f18232_rank012_coef2.00.csv,pos,18232,12,2.0,three_thoughts,10,10,90.6,9.640000000000002,72.8,75.36,9.400000000000006,78.0,12.0,-5.200000000000003,-2.5999999999999943
pos_f18232_rank012_coef2.00.csv,pos,18232,12,2.0,three_thoughts_template,10,10,89.6,26.04,70.8,389.76,10.400000000000006,97.2,6.200000000000003,-26.400000000000006,4.200000000000003
pos_f18232_rank012_coef2.00.csv,pos,18232,12,2.0,what_is_your_wish,10,10,80.2,552.16,37.8,576.36,19.799999999999997,86.8,6.200000000000003,-49.0,13.599999999999994
pos_f18232_rank012_coef2.00.csv,pos,18232,12,2.0,what_is_your_wish_template,10,10,90.9,21.490000000000002,82.6,74.44000000000001,9.099999999999994,96.8,3.200000000000003,-14.200000000000003,5.8999999999999915
pos_f11185_rank013_coef1.50.csv,pos,11185,13,1.5,dinner_party,10,10,96.2,2.1599999999999997,87.8,39.56,3.799999999999997,88.0,3.200000000000003,-0.20000000000000284,0.5999999999999943
pos_f11185_rank013_coef1.50.csv,pos,11185,13,1.5,dinner_party_template,10,10,98.0,0.0,93.2,11.360000000000003,2.0,98.0,2.0,-4.799999999999997,0.0
pos_f11185_rank013_coef1.50.csv,pos,11185,13,1.5,enough_of_my_husband,10,10,92.0,0.0,90.8,8.960000000000003,8.0,89.6,8.0,1.2000000000000028,0.0
pos_f11185_rank013_coef1.50.csv,pos,11185,13,1.5,enough_of_my_husband_template,10,10,94.4,3.2399999999999998,96.6,3.2399999999999998,5.599999999999994,98.0,4.400000000000006,-1.4000000000000057,1.1999999999999886
pos_f11185_rank013_coef1.50.csv,pos,11185,13,1.5,gender_roles,10,9,95.0,6.0,96.2,5.16,5.0,96.4,3.799999999999997,-0.20000000000000284,1.2000000000000028
pos_f11185_rank013_coef1.50.csv,pos,11185,13,1.5,gender_roles_template,10,7,94.71428571428571,1.346938775510204,57.8,1147.56,5.285714285714292,97.2,3.799999999999997,-39.400000000000006,1.4857142857142946
pos_f11185_rank013_coef1.50.csv,pos,11185,13,1.5,i_feel_bored,10,10,95.9,1.89,94.6,5.639999999999999,4.099999999999994,94.8,4.400000000000006,-0.20000000000000284,-0.30000000000001137
pos_f11185_rank013_coef1.50.csv,pos,11185,13,1.5,i_feel_bored_template,10,10,97.4,1.44,98.2,0.35999999999999993,2.5999999999999943,95.6,2.0,2.6000000000000085,0.5999999999999943
pos_f11185_rank013_coef1.50.csv,pos,11185,13,1.5,quick_buck,10,10,90.0,16.0,86.4,28.640000000000008,10.0,92.0,7.400000000000006,-5.599999999999994,2.5999999999999943
pos_f11185_rank013_coef1.50.csv,pos,11185,13,1.5,quick_buck_template,10,10,92.6,1.44,90.8,44.959999999999994,7.400000000000006,97.2,6.799999999999997,-6.400000000000006,0.6000000000000085
pos_f11185_rank013_coef1.50.csv,pos,11185,13,1.5,ruler_of_the_world,10,10,92.9,1.89,88.8,23.359999999999996,7.099999999999994,92.8,6.799999999999997,-4.0,0.29999999999999716
pos_f11185_rank013_coef1.50.csv,pos,11185,13,1.5,ruler_of_the_world_template,10,10,95.9,1.89,98.0,0.0,4.099999999999994,98.0,3.5999999999999943,0.0,0.5
pos_f11185_rank013_coef1.50.csv,pos,11185,13,1.5,three_thoughts,10,10,89.6,14.039999999999997,76.8,58.55999999999999,10.400000000000006,78.0,12.0,-1.2000000000000028,-1.5999999999999943
pos_f11185_rank013_coef1.50.csv,pos,11185,13,1.5,three_thoughts_template,10,10,94.7,6.209999999999999,97.2,0.96,5.299999999999997,97.2,6.200000000000003,0.0,-0.9000000000000057
pos_f11185_rank013_coef1.50.csv,pos,11185,13,1.5,what_is_your_wish,10,8,95.375,3.234375,90.6,17.639999999999997,4.625,86.8,6.200000000000003,3.799999999999997,-1.5750000000000028
pos_f11185_rank013_coef1.50.csv,pos,11185,13,1.5,what_is_your_wish_template,10,10,91.8,23.159999999999997,79.4,692.04,8.200000000000003,96.8,3.200000000000003,-17.39999999999999,5.0
pos_f11185_rank013_coef2.00.csv,pos,11185,13,2.0,dinner_party,10,10,87.3,633.2099999999999,80.2,191.56,12.700000000000003,88.0,3.200000000000003,-7.799999999999997,9.5
pos_f11185_rank013_coef2.00.csv,pos,11185,13,2.0,dinner_party_template,10,10,83.4,510.44000000000005,47.8,461.16,16.599999999999994,98.0,2.0,-50.2,14.599999999999994
pos_f11185_rank013_coef2.00.csv,pos,11185,13,2.0,enough_of_my_husband,10,10,87.3,22.810000000000002,72.0,303.2,12.700000000000003,89.6,8.0,-17.599999999999994,4.700000000000003
pos_f11185_rank013_coef2.00.csv,pos,11185,13,2.0,enough_of_my_husband_template,10,10,92.9,1.89,68.6,646.4400000000002,7.099999999999994,98.0,4.400000000000006,-29.400000000000006,2.6999999999999886
pos_f11185_rank013_coef2.00.csv,pos,11185,13,2.0,gender_roles,10,10,93.2,2.16,79.4,483.23999999999995,6.799999999999997,96.4,3.799999999999997,-17.0,3.0
pos_f11185_rank013_coef2.00.csv,pos,11185,13,2.0,gender_roles_template,10,9,91.44444444444444,24.469135802469133,70.6,261.64,8.555555555555557,97.2,3.799999999999997,-26.60000000000001,4.75555555555556
pos_f11185_rank013_coef2.00.csv,pos,11185,13,2.0,i_feel_bored,10,10,94.7,2.6100000000000003,90.0,96.8,5.299999999999997,94.8,4.400000000000006,-4.799999999999997,0.8999999999999915
pos_f11185_rank013_coef2.00.csv,pos,11185,13,2.0,i_feel_bored_template,10,10,86.4,621.24,46.6,926.4399999999998,13.599999999999994,95.6,2.0,-48.99999999999999,11.599999999999994
pos_f11185_rank013_coef2.00.csv,pos,11185,13,2.0,quick_buck,10,10,87.6,20.439999999999998,87.0,19.4,12.400000000000006,92.0,7.400000000000006,-5.0,5.0
pos_f11185_rank013_coef2.00.csv,pos,11185,13,2.0,quick_buck_template,10,10,89.3,17.61,58.4,853.4399999999999,10.700000000000003,97.2,6.799999999999997,-38.800000000000004,3.9000000000000057
pos_f11185_rank013_coef2.00.csv,pos,11185,13,2.0,ruler_of_the_world,10,10,92.3,0.8099999999999999,90.7,12.41,7.700000000000003,92.8,6.799999999999997,-2.0999999999999943,0.9000000000000057
pos_f11185_rank013_coef2.00.csv,pos,11185,13,2.0,ruler_of_the_world_template,10,10,85.2,597.36,72.6,502.44000000000005,14.799999999999997,98.0,3.5999999999999943,-25.400000000000006,11.200000000000003
pos_f11185_rank013_coef2.00.csv,pos,11185,13,2.0,three_thoughts,10,10,88.9,30.889999999999997,78.2,161.15999999999997,11.099999999999994,78.0,12.0,0.20000000000000284,-0.9000000000000057
pos_f11185_rank013_coef2.00.csv,pos,11185,13,2.0,three_thoughts_template,10,10,91.8,24.959999999999994,79.0,841.8,8.200000000000003,97.2,6.200000000000003,-18.200000000000003,2.0
pos_f11185_rank013_coef2.00.csv,pos,11185,13,2.0,what_is_your_wish,10,10,92.6,1.44,73.6,579.04,7.400000000000006,86.8,6.200000000000003,-13.200000000000003,1.2000000000000028
pos_f11185_rank013_coef2.00.csv,pos,11185,13,2.0,what_is_your_wish_template,10,7,80.42857142857143,663.9591836734695,40.2,201.96,19.57142857142857,96.8,3.200000000000003,-56.599999999999994,16.371428571428567
pos_f15974_rank014_coef1.50.csv,pos,15974,14,1.5,dinner_party,10,10,94.1,3.69,76.0,115.2,5.900000000000006,88.0,3.200000000000003,-12.0,2.700000000000003
pos_f15974_rank014_coef1.50.csv,pos,15974,14,1.5,dinner_party_template,10,10,82.6,595.2399999999999,43.2,552.9599999999999,17.400000000000006,98.0,2.0,-54.8,15.400000000000006
pos_f15974_rank014_coef1.50.csv,pos,15974,14,1.5,enough_of_my_husband,10,8,72.75,438.9375,54.2,348.36,27.25,89.6,8.0,-35.39999999999999,19.25
pos_f15974_rank014_coef1.50.csv,pos,15974,14,1.5,enough_of_my_husband_template,10,10,65.4,1076.84,39.6,911.8399999999999,34.599999999999994,98.0,4.400000000000006,-58.4,30.19999999999999
pos_f15974_rank014_coef1.50.csv,pos,15974,14,1.5,gender_roles,10,10,91.6,5.639999999999999,67.6,194.23999999999998,8.400000000000006,96.4,3.799999999999997,-28.80000000000001,4.6000000000000085
pos_f15974_rank014_coef1.50.csv,pos,15974,14,1.5,gender_roles_template,10,10,84.9,296.29,64.4,895.0400000000002,15.099999999999994,97.2,3.799999999999997,-32.8,11.299999999999997
pos_f15974_rank014_coef1.50.csv,pos,15974,14,1.5,i_feel_bored,10,10,96.2,2.1599999999999993,91.0,49.0,3.799999999999997,94.8,4.400000000000006,-3.799999999999997,-0.6000000000000085
pos_f15974_rank014_coef1.50.csv,pos,15974,14,1.5,i_feel_bored_template,10,10,95.0,5.4,89.6,49.44,5.0,95.6,2.0,-6.0,3.0
pos_f15974_rank014_coef1.50.csv,pos,15974,14,1.5,quick_buck,10,10,75.6,480.64,35.0,253.0,24.400000000000006,92.0,7.400000000000006,-57.0,17.0
pos_f15974_rank014_coef1.50.csv,pos,15974,14,1.5,quick_buck_template,10,10,75.0,1001.0,58.2,597.96,25.0,97.2,6.799999999999997,-39.0,18.200000000000003
pos_f15974_rank014_coef1.50.csv,pos,15974,14,1.5,ruler_of_the_world,10,10,89.3,23.61,53.0,209.0,10.700000000000003,92.8,6.799999999999997,-39.8,3.9000000000000057
pos_f15974_rank014_coef1.50.csv,pos,15974,14,1.5,ruler_of_the_world_template,10,10,94.7,2.61,82.2,132.35999999999999,5.299999999999997,98.0,3.5999999999999943,-15.799999999999997,1.7000000000000028
pos_f15974_rank014_coef1.50.csv,pos,15974,14,1.5,three_thoughts,10,10,83.8,23.560000000000002,62.2,208.35999999999999,16.200000000000003,78.0,12.0,-15.799999999999997,4.200000000000003
pos_f15974_rank014_coef1.50.csv,pos,15974,14,1.5,three_thoughts_template,10,10,91.9,12.690000000000001,75.6,595.04,8.099999999999994,97.2,6.200000000000003,-21.60000000000001,1.8999999999999915
pos_f15974_rank014_coef1.50.csv,pos,15974,14,1.5,what_is_your_wish,10,10,80.6,549.64,39.8,181.95999999999998,19.400000000000006,86.8,6.200000000000003,-47.0,13.200000000000003
pos_f15974_rank014_coef1.50.csv,pos,15974,14,1.5,what_is_your_wish_template,10,10,86.5,308.25,65.4,675.24,13.5,96.8,3.200000000000003,-31.39999999999999,10.299999999999997
pos_f15974_rank014_coef2.00.csv,pos,15974,14,2.0,dinner_party,10,10,25.8,780.5600000000001,13.6,15.040000000000001,74.2,88.0,3.200000000000003,-74.4,71.0
pos_f15974_rank014_coef2.00.csv,pos,15974,14,2.0,dinner_party_template,10,10,26.8,924.1600000000001,12.9,21.69,73.2,98.0,2.0,-85.1,71.2
pos_f15974_rank014_coef2.00.csv,pos,15974,14,2.0,enough_of_my_husband,10,10,10.8,13.559999999999999,15.0,9.0,89.2,89.6,8.0,-74.6,81.2
pos_f15974_rank014_coef2.00.csv,pos,15974,14,2.0,enough_of_my_husband_template,10,10,35.3,1382.0099999999998,12.4,10.239999999999998,64.7,98.0,4.400000000000006,-85.6,60.3
pos_f15974_rank014_coef2.00.csv,pos,15974,14,2.0,gender_roles,10,10,67.1,691.69,22.4,58.24000000000001,32.900000000000006,96.4,3.799999999999997,-74.0,29.10000000000001
pos_f15974_rank014_coef2.00.csv,pos,15974,14,2.0,gender_roles_template,10,10,53.2,1509.76,17.0,9.0,46.8,97.2,3.799999999999997,-80.2,43.0
pos_f15974_rank014_coef2.00.csv,pos,15974,14,2.0,i_feel_bored,10,10,92.4,16.839999999999996,65.8,833.9599999999998,7.599999999999994,94.8,4.400000000000006,-29.0,3.1999999999999886
pos_f15974_rank014_coef2.00.csv,pos,15974,14,2.0,i_feel_bored_template,10,10,76.2,1045.7599999999998,33.8,715.5600000000001,23.799999999999997,95.6,2.0,-61.8,21.799999999999997
pos_f15974_rank014_coef2.00.csv,pos,15974,14,2.0,quick_buck,10,10,64.0,1176.0,26.8,281.76000000000005,36.0,92.0,7.400000000000006,-65.2,28.599999999999994
pos_f15974_rank014_coef2.00.csv,pos,15974,14,2.0,quick_buck_template,10,10,67.9,1251.69,23.8,271.56000000000006,32.099999999999994,97.2,6.799999999999997,-73.4,25.299999999999997
pos_f15974_rank014_coef2.00.csv,pos,15974,14,2.0,ruler_of_the_world,10,10,59.9,902.29,20.0,16.0,40.1,92.8,6.799999999999997,-72.8,33.300000000000004
pos_f15974_rank014_coef2.00.csv,pos,15974,14,2.0,ruler_of_the_world_template,10,10,75.6,1016.8399999999999,23.4,154.44,24.400000000000006,98.0,3.5999999999999943,-74.6,20.80000000000001
pos_f15974_rank014_coef2.00.csv,pos,15974,14,2.0,three_thoughts,10,10,71.7,641.21,40.8,263.36,28.299999999999997,78.0,12.0,-37.2,16.299999999999997
pos_f15974_rank014_coef2.00.csv,pos,15974,14,2.0,three_thoughts_template,10,10,73.3,1067.21,19.8,57.96,26.700000000000003,97.2,6.200000000000003,-77.4,20.5
pos_f15974_rank014_coef2.00.csv,pos,15974,14,2.0,what_is_your_wish,10,10,71.2,906.5599999999998,23.4,262.43999999999994,28.799999999999997,86.8,6.200000000000003,-63.4,22.599999999999994
pos_f15974_rank014_coef2.00.csv,pos,15974,14,2.0,what_is_your_wish_template,10,10,58.9,1188.8899999999999,19.8,57.96,41.1,96.8,3.200000000000003,-77.0,37.9
